,header,title,favorite,price,category,creator
0,부업/창업/재테크・신사임당,"스마트스토어로 월 100만원 만들기, 평범한 사람이 돈을 만드는 비법",18974,"월 53,520원",부업/창업/재테크,신사임당
1,미술・둡 ,"연필 하나만으로 모든 분위기를 담아내요, 둡의 연필 드로잉",18190,"월 39,900원",미술,둡 
2,미술・Findenart 핀든아트,"여행 드로잉, 꿈만 꾸지 마세요. 핀든아트와 여행, 그리다",16646,"월 59,900원",미술,Findenart 핀든아트
3,디지털 드로잉・반지수,"일상에 따뜻한 숨결을 불어넣어요, 반지수와 함께하는 아이패드 드로잉",15509,"월 44,900원",디지털 드로잉,반지수
4,미술・집시 zipcy,일러스트레이터 집시의 매력적인 얼굴 그리기 ,13560,"월 49,900원",미술,집시 zipcy
5,사진/영상・슛뚜,일상 유튜버 슛뚜의 감성을 그대로. 영화같은 브이로그 제작법,13250,"월 46,900원",사진/영상,슛뚜
6,사진/영상・존코바,당신도 할 수 있다! 베테랑 실무자가 알려주는 모션그래픽의 모든 것,10812,"월 40,440원",사진/영상,존코바
7,미술・리니,어색한 그림은 이제 안녕! 드로잉 기초부터 시작하는 리니의 펜드로잉,10283,"월 58,800원",미술,리니
8,라이프 스타일・유잰,색다른컬러연구소 유잰의 색 감각 키우기,9819,"월 58,763원",라이프 스타일,유잰
9,사진/영상・MAZECT(마젝),사진 입문자를 위한 쉽게 배우고 빨리 써먹는 사진과 라이트룸,9577,"월 46,900원",사진/영상,MAZECT(마젝)
10,부업/창업/재테크・리뷰요정리남,블로그로 하루 2시간 투자해서 직장인만큼 수익내기!,9226,"월 45,632원",부업/창업/재테크,리뷰요정리남
11,미술・펜크래프트,"사각사각 손글씨의 낭만, 펜크래프트의 한글 정자체 펜글씨",9162,"월 41,898원",미술,펜크래프트
12,부업/창업/재테크・노마드 그레이쓰,"나만의 취미로 돈 버는 방법, 디지털 파일 판매의 모든 것!",8807,"월 39,750원",부업/창업/재테크,노마드 그레이쓰
13,미술・배성규,"마카와 색연필로 그려내는 일상의 기록, 뜻밖의 풍경, 찰나의 순간",8488,"월 49,900원",미술,배성규
14,미술・리니,"마카와 펜, 드로잉북만 들고 떠나요! 마카로 담는 여행의 특별한 기억",8362,"월 56,810원",미술,리니
15,공예・멘티자수,귀여운 동물들로 나만의 소품 완성! 멘티자수와 함께하는 프랑스자수,8055,"월 50,820원",공예,멘티자수
16,사진/영상・안대훈,한 편의 뮤직비디오 같은 안대훈의 여행 영상 제작법,7796,"월 42,980원",사진/영상,안대훈
17,디지털 드로잉・그리지영,나만의 문방구를 차려요! 그리지영의 타블렛으로 굿즈 만들기,7770,"월 30,400원",디지털 드로잉,그리지영
18,디지털 드로잉・사심굿즈,취미를 넘어 굿즈 셀러로! 인쇄물 굿즈 제작과 상품화,7669,"월 39,900원",디지털 드로잉,사심굿즈
19,사진/영상・에디터 기은,에디터 기은과 함께 브이로그로 시작하는 영상편집,7534,"월 34,900원",사진/영상,에디터 기은
20,미술・이현미,"시크하게 그리는 각도의 마법, 이현미의 색연필 인물화",7498,"월 46,533원",미술,이현미
21,디지털 드로잉・그림바지,"새로운 드로잉 기법의 설렘, 레트로 픽셀아트 드로잉",7277,"월 31,960원",디지털 드로잉,그림바지
22,미술・성립,"선과 여백의 작가 성립, 묵직한 질감과 선명한 색감의 오일파스텔",7270,"월 41,900원",미술,성립
23,요리/음료・아이라이크케이크,특별한 날을 더 특별하게! 커스텀 디자인 케이크 마스터 클래스,7215,"월 56,900원",요리/음료,아이라이크케이크
24,사진/영상・류채우(류필),"일상을 동화처럼 표현하는 사진, 오직 아이폰으로만",7217,"월 37,900원",사진/영상,류채우(류필)
25,디지털 드로잉・그림비,일러스트레이터 배성태(그림비)의 달달한 일상드로잉,7201,"월 42,720원",디지털 드로잉,그림비
26,디자인/개발・크리에이터 좐느,크리에이터 좐느의 포토샵의 모든 것,7005,"월 38,900원",디자인/개발,크리에이터 좐느
27,공예・시은맘,코바늘로 인형을 만들자! 시은맘의 꼼지락 작업실,6965,"월 59,900원",공예,시은맘
28,디지털 드로잉・별라랜드,"차근차근, 아이패드로 그리는 미니멀한 손그림 일러스트",6952,"월 42,500원",디지털 드로잉,별라랜드
29,공예・올라라탄,자연을 엮는 올라라탄의 라탄공예 입문,6829,"월 51,574원",공예,올라라탄
30,미술・필림,"전하고 싶은 한 줄, 필림의 딥펜 캘리그래피",6774,"월 45,900원",미술,필림
31,미술・콰야 Qwaya, 다양한 색으로 과감하게 그려보는 콰야의 오일파스텔 드로잉,6583,"월 46,900원",미술,콰야 Qwaya
32,미술・송블리,분위기까지 담아내는 송블리의 색연필 인물화,6555,"월 52,905원",미술,송블리
33,디자인/개발・뮤,네이버 개발자 뮤와 함께하는 내 인생 첫 번째 앱 만들기,6532,"월 43,900원",디자인/개발,뮤
34,부업/창업/재테크・라이프 해커 자청,"15만 유튜버 자청의 자동수익 월 1,000만원 만드는 법",6443,"월 111,298원",부업/창업/재테크,라이프 해커 자청
35,디자인/개발・디자이너 심소연,"디자인부터 인쇄까지, 심소연의 실무 편집디자인",6325,"월 50,560원",디자인/개발,디자이너 심소연
36,부업/창업/재테크・로꾸미,월급으로 만족하지 못하는 분들을 위한 아마존/이베이 입문,6265,"월 39,750원",부업/창업/재테크,로꾸미
37,공예・슬seul,"햇살처럼 따듯한 스테인드글라스, 나의 오늘을 밝혀줘요.",6261,"월 69,900원",공예,슬seul
38,디지털 드로잉・배성규,배성규 작가와 함께 아이패드로 그리는 스물네 번의 보름,6172,"월 51,880원",디지털 드로잉,배성규
39,요리/음료・이런날케이크,소문난 디저트 카페의 남다른 베이킹 비법,6135,"월 54,900원",요리/음료,이런날케이크
40,디지털 드로잉・우동,소중한 기억에 나만의 색을 칠하다 - 일러스트레이터 우동의 디지털 페인팅,6057,"월 46,150원",디지털 드로잉,우동
41,디지털 드로잉・캣빵,아이패드로 시작하는 캣빵의 귀여운 굿즈 만들기,6039,"월 43,880원",디지털 드로잉,캣빵
42,디자인/개발・ㅔㅔㅅ,ㅔㅔㅅ의 파워포인트 연구소에서 함께 PPT에 입덕해요!,5945,"월 49,900원",디자인/개발,ㅔㅔㅅ
43,디지털 드로잉・키츠 (kits.),아이패드 하나로 떠나는 키츠의 아날로그 텍스처 여행,5770,"월 24,880원",디지털 드로잉,키츠 (kits.)
44,디자인/개발・로지킴 Rozy Kim,작품에 다채로움을 더해 독창적인 나만의 아트워크 만들어봐요. 디지털 아트워크 클래스,5754,"월 48,100원",디자인/개발,로지킴 Rozy Kim
45,미술・소보루,눈으로 맛보는 디저트! 소보루의 색연필 클래스,5753,"월 45,284원",미술,소보루
46,미술・둡 ,"종이를 가득 채우는 부드럽고 감각적인 색감, 둡의 채색 인물화",5731,"월 62,329원",미술,둡 
47,음악・그루비룸,지금 가장 새로운 음악,5693,"월 25,233원",음악,그루비룸
48,디지털 드로잉・화유,민두 작가의 이모티콘 제작부터 판매까지!,5681,"월 31,880원",디지털 드로잉,화유
49,공예・쪼만한마을,"쪼만한마을의 레진 공예, 기초부터 민간자격증 발급까지!",5651,"월 54,900원",공예,쪼만한마을
50,디지털 드로잉・221,감정이 가득한 공간을 그림으로 기록합니다. 공간 디지털 일러스트,5605,"월 47,900원",디지털 드로잉,221
51,미술・헬로양갱,"헬로양갱의 차근차근 펜드로잉, 우리의 일상을 알록달록 기록해봐요!",5457,"월 49,561원",미술,헬로양갱
52,디지털 드로잉・인디고,"현실과 환상사이, 그 어딘가를 그려내는 아이패드 드로잉",5422,"월 47,880원",디지털 드로잉,인디고
53,디지털 드로잉・주안,애니메이션의 한 장면 같은 일러스트 그려보기,5372,"월 44,480원",디지털 드로잉,주안
54,공예・woven on looms,테이블용 수직기 디어위버와 함께 시작하는 당신의 위빙 생활,5347,"월 59,900원",공예,woven on looms
55,사진/영상・이모씨,"순간을 더 아름답게, 진한 감성을 담는 사진&라이트룸 보정법",5303,"월 41,900원",사진/영상,이모씨
56,디지털 드로잉・람다람,"람다람의 레트로 애니메이션, 그리고 편집하며 이야기 담아내기",5247,"월 63,700원",디지털 드로잉,람다람
57,공예・아포코팡파레,아포코팡파레의 비즈와 자수로 만드는 여름 메시백,5164,"월 42,900원",공예,아포코팡파레
58,미술・libere_nuage,색의 규칙을 만들다 - 색연필 인물화로 나만의 색감을 찾아 떠나는 여정,5154,"월 44,900원",미술,libere_nuage
59,요리/음료・솜솜,어서오세요! 여기는 솜솜네 홈카페입니다.,5110,"월 39,500원",요리/음료,솜솜
60,디지털 드로잉・유나나,애니메이션 속 주인공 같은 캐릭터를 타블렛으로 탄생시켜요!,5108,"월 44,900원",디지털 드로잉,유나나
61,디지털 드로잉・윤지,"사랑을 담아 그리는 순정 일러스트, 이야기를 말하는 캐릭터 드로잉",5101,"월 52,860원",디지털 드로잉,윤지
62,미술・bynaeng,"색연필의 따뜻한 결, 바이냉과 함께하는 매일 손그림 하나",5093,"월 49,900원",미술,bynaeng
63,공예・소소한날,"가위질 소리가 기막히게 좋은 날, 소소한날과 함께하는 재봉 입문",5089,"월 52,900원",공예,소소한날
64,미술・라일라,"묵직하고 선명하게 전해지는 감동, 라일라의 유화 페인팅",5030,"월 63,500원",미술,라일라
65,사진/영상・김메주,순간을 기록하는 새로운 방법. 영상 제작의 A to Z ,5032,"월 41,900원",사진/영상,김메주
66,디지털 드로잉・달콩,"색연필도 되고, 물감도 되는 아이패드 일러스트의 모든 것",4995,"월 51,780원",디지털 드로잉,달콩
67,공예・고유,주얼리 디자이너에게 배우는 감각적인 실버주얼리 공예,4974,"월 79,416원",공예,고유
68,공예・블뤼떼 BLUTE,"조향사에게 배우는 조향 기초, 나만의 향기를 만들어요.",4978,"월 59,900원",공예,블뤼떼 BLUTE
69,미술・메리진,"사각사각, 소리마저 행복한 메리진의 마카드로잉",4949,"월 53,900원",미술,메리진
70,미술・스놉,스놉의 단정한 손글씨로 마음을 담은 필사하기,4910,"월 43,900원",미술,스놉
71,디지털 드로잉・이공,일러스트레이터 이공과 함께 나만의 미니 굿즈 제작하기,4907,"월 35,900원",디지털 드로잉,이공
72,디지털 드로잉・반지수,"공간에 포근한 분위기를 불어넣어요, 반지수와 함께하는 아이패드 드로잉",4872,"월 43,900원",디지털 드로잉,반지수
73,부업/창업/재테크・온라인탑셀러,"무자본, 무재고로 중국 구매 대행 사업/부업 시작하기",4797,"월 43,058원",부업/창업/재테크,온라인탑셀러
74,요리/음료・꽁블,"꽁블의 쿠킹클래스, 전세계의 가정식을 배워보자",4744,"월 49,900원",요리/음료,꽁블
75,라이프 스타일・김현경,"기획에서 편집 디자인, 유통까지, 독립출판!",4736,"월 36,900원",라이프 스타일,김현경
76,공예・오키프,"소중한 나를 위해, 직접 만드는 특별한 천연 비누",4717,"월 59,900원",공예,오키프
77,공예・메종드윤(가능성발명가),"전통의 아름다움, 메종드윤과 함께 만드는 한복 장신구",4665,"월 63,900원",공예,메종드윤(가능성발명가)
78,디지털 드로잉・동글,"또 다른 나를 그리다, 동글의 아이패드 캐릭터 드로잉",4663,"월 51,780원",디지털 드로잉,동글
79,디지털 드로잉・페사,사이툴로 그리는 일러스트레이터 페사의 따뜻한 캐릭터 드로잉,4605,"월 57,780원",디지털 드로잉,페사
80,시그니처・유튜버,100만 구독자를 만드는 유튜브 채널의 비밀,4587,"월 22,900원",시그니처,유튜버
81,디자인/개발・수목원,"생각을 구조화하고 디자인하다, 포스터를 만들면서 배우는 그래픽 디자인",4524,"월 39,900원",디자인/개발,수목원
82,공예・스튜디오 랩딥,"퇴근 후 만나는 나의 가죽 공방, 가죽 공예 기초부터 완성까지!",4501,"월 64,760원",공예,스튜디오 랩딥
83,부업/창업/재테크・송사무장,월세 수익 300만 원을 만드는 송사무장의 부동산 투자법! ,4474,"월 27,740원",부업/창업/재테크,송사무장
84,디지털 드로잉・나무13,Back to the Retro!나무13과 함께 레트로아이패드드로잉,4474,"월 49,880원",디지털 드로잉,나무13
85,디지털 드로잉・다야(daya),"꿈꾸던 동화 속 세상, 아이패드로 그려내기",4430,"월 44,480원",디지털 드로잉,다야(daya)
86,사진/영상・빨간토마토,60만 유튜버가 알려주는 가장 쉬운 유튜브 입문기!,4424,"월 33,920원",사진/영상,빨간토마토
87,미술・약국,"약국과 함께 펜 하나로 그리는 분위기 있는 인물, 나만의 세계",4392,"월 46,900원",미술,약국
88,요리/음료・송셰프,혼자서도 잘해요! 송송송 송셰프와 함께하는 혼밥 요리교실,4371,"월 39,900원",요리/음료,송셰프
89,요리/음료・Nana,"테이블 가득 채워내는 홈베이킹, 나나와 함께 달달함을 나누는 디저트",4375,"월 48,900원",요리/음료,Nana
90,디지털 드로잉・광팔,광팔의 아이패드로 귀염통통 카카O톡 이모티콘 만들기,4368,"월 32,780원",디지털 드로잉,광팔
91,미술・sketch_forum ,"건축가에게 배우는 남다른 공간감, 어반스케치 펜드로잉 입문",4351,"월 45,404원",미술,sketch_forum 
92,디지털 드로잉・김이영,글씨 쓰는 김이영과 함께 아이패드에 그려낸 캘리그라피,4335,"월 51,780원",디지털 드로잉,김이영
93,부업/창업/재테크・타임퍼센트,"AI 자동 투자 봇 만들기, 노트북 하나로 월급을 두 배 불리는 비법",4327,"월 66,446원",부업/창업/재테크,타임퍼센트
94,미술・hyunpeach_,현피치와 함께 선명하게 그리는 색연필 인물화 클래스,4327,"월 45,900원",미술,hyunpeach_
95,공예・메리메이드,"종이로 피워낸 낭만, 메리메이드와 함께하는 페이퍼 플라워",4326,"월 54,900원",공예,메리메이드
96,공예・바이브리(byBri),보송보송 코바늘 동물 세상! 바이브리와 함께 떠봐요.,4315,"월 55,929원",공예,바이브리(byBri)
97,미술・엘리,"따뜻함으로 가득 채운 한 장, 엘리와 함께하는 색연필 드로잉",4279,"월 36,900원",미술,엘리
98,공예・Knit Whale,"내 손이 뜨개 도구가 되는, 니트웨일의 암니팅",4281,"월 89,223원",공예,Knit Whale
99,디자인/개발・Doyo(도요),레이어에 담아낸 상상. 크리에이터 Doyo의 포토샵 콜라주,4262,"월 43,900원",디자인/개발,Doyo(도요)
100,공예・후아유네,꽃 자수로 내 마음에 잔잔한 행복을 수 놓아요,4265,"월 36,900원",공예,후아유네
101,디지털 드로잉・규멩,"캐릭터를 살아 숨쉬게 하기, 프로 애니메이션 감독의 스토리 비주얼 라이징",4247,"월 56,700원",디지털 드로잉,규멩
102,부업/창업/재테크・칙스토리 김종영,자영업자를 위한 매출로 이어지는 인스타그램 마케팅,4231,"월 36,442원",부업/창업/재테크,칙스토리 김종영
103,음악・알찬ALCHAN,언제 어디서나 힐링악기 칼림바와 함께 마음을 두드려요,4230,"월 41,400원",음악,알찬ALCHAN
104,사진/영상・경훈,스마트폰으로 만들어내는 사진의 모든 것,4192,"월 43,200원",사진/영상,경훈
105,디지털 드로잉・은비(EUNBI),디즈니풍 캐릭터로 살아있는 애니메이션의 한 장면 그리기,4189,"월 40,880원",디지털 드로잉,은비(EUNBI)
106,라이프 스타일・오미아트,누구나 그림책 작가가 될 수 있어요! 오미아트와 함께하는 그림책 기획과 출판,4175,"월 37,900원",라이프 스타일,오미아트
107,사진/영상・23iii,"아날로그 감성, 영화 퀄리티로 완성하는 브이로그와 뮤비 제작",4164,"월 41,900원",사진/영상,23iii
108,시그니처・센스홍,세상에서 제일 작은 도화지,4123,"월 20,733원",시그니처,센스홍
109,요리/음료・dalas다라스,"고기는 포기해도, 디저트는 포기 못할 때! 달콤한 비건 로푸드 디저트",4160,"월 56,900원",요리/음료,dalas다라스
110,공예・비밀장신구,"전통의 현대적 재해석, 비밀장신구와 함께 엮는 전통 매듭 액세서리",4122,"월 49,900원",공예,비밀장신구
111,부업/창업/재테크・김새해 ,"평범한 사람이 돈 만드는 생각의 비밀, 머니 시크릿 ",4096,"월 27,740원",부업/창업/재테크,김새해 
112,디자인/개발・달범이,달범과 함께 블렌더 툴로 만드는 귀여운 3D 친구들,4099,"월 39,900원",디자인/개발,달범이
113,미술・지과자,"사진보다 더 예쁜 인물화를 그려요, 뷰티 일러스트 클래스",4085,"월 51,900원",미술,지과자
114,공예・바이브리(byBri),'바이브리'의 포근포근 코바늘 인형수업,4086,"월 59,900원",공예,바이브리(byBri)
115,디지털 드로잉・식빵뚱냥,식빵뚱냥과 귀염뽀짝 캐릭터 이모티콘 만들기,4080,"월 38,900원",디지털 드로잉,식빵뚱냥
116,부업/창업/재테크・이상한김팀장,"무자본 마케팅의 시작, 네이버 블로그로 월 1,000만원 매출 올리기",4041,"월 61,040원",부업/창업/재테크,이상한김팀장
117,디지털 드로잉・오유,오유의 수채화 같은 아이패드 드로잉 클래스,4004,"월 45,880원",디지털 드로잉,오유
118,미술・양지,"색감을 그리고 질감을 담다, 양지의 색연필 인물화",4000,"월 41,900원",미술,양지
119,시그니처・그레이,"나만의 이야기, 색 그리고 음악",3990,"월 29,950원",시그니처,그레이
120,공예・필드오즈,"사각사각 시간을 담아내는 나무 접시, 우드카빙",3949,"월 86,700원",공예,필드오즈
121,디지털 드로잉・유르," 소소하지만 확실한 행복, 유르의 굿즈 제작부터 판매까지",3905,"월 36,900원",디지털 드로잉,유르
122,라이프 스타일・별쌤&솔쌤,"체형을 바로잡는 자세교정 홈트레이닝, 뷰릿",3888,"월 43,860원",라이프 스타일,별쌤&솔쌤
123,디자인/개발・수수진(프로젝트158),수수진과 함께 애플 기본프로그램으로 도전하는 독립출판,3867,"월 34,900원",디자인/개발,수수진(프로젝트158)
124,디지털 드로잉・보담,사랑하는 작은 것들을 아기자기하게 그려요. 보담의 아이패드 드로잉,3853,"월 45,880원",디지털 드로잉,보담
125,디지털 드로잉・김모밀,"따뜻한 그림일기로 남기는 여행의 순간들, 김모밀의 디지털 드로잉 클래스",3844,"월 26,880원",디지털 드로잉,김모밀
126,공예・서진,직접 만들고 선물하는 재미! 서진과 함께 뜨는 코바늘 수세미,3843,"월 39,899원",공예,서진
127,공예・시옷프로젝트,뻔하지 않게! 나다운 맞춤 생활한복 만들어요.,3819,"월 58,900원",공예,시옷프로젝트
128,디지털 드로잉・예란,빛과 그림자로 채우는 아이패드 일러스트,3800,"월 42,880원",디지털 드로잉,예란
129,사진/영상・이퀄리,여행을 영화처럼 기록하는 이퀄리의 영상 제작법,3774,"월 44,880원",사진/영상,이퀄리
130,공예・mwm수지,색이 춤추는 마블링 도자기 클래스,3751,"월 73,900원",공예,mwm수지
131,디자인/개발・큐리,이성과 감성을 넘나들다. 시선을 사로잡는 브랜드 디자인,3754,"월 45,360원",디자인/개발,큐리
132,공예・향기 공방 센트보틀,센트보틀의 일상에 선물이 되는 향기 만들기,3721,"월 69,876원",공예,향기 공방 센트보틀
133,공예・하민하준맘,"나와 함께하는 가방, 하민하준맘을 따라 코바늘로 떠봐요!",3697,"월 51,157원",공예,하민하준맘
134,디자인/개발・휘핑,휘핑의 모션그래픽 꿈나무를 위한 애프터이펙트의 기초,3646,"월 44,900원",디자인/개발,휘핑
135,공예・마노자수,"입체로 그려나가는 프랑스자수, 마노자수의 자수 일러스트",3646,"월 45,900원",공예,마노자수
136,공예・향기로운 블라썸,언제나 내 곁에 머무를 나만의 향기 ,3616,"월 49,900원",공예,향기로운 블라썸
137,사진/영상・지니포토,지니스타일과 함께 나만의 시선을 간직한 사진 만들기,3595,"월 49,810원",사진/영상,지니포토
138,미술・소은,"인체 드로잉, 사람을 이해하고 마음을 그리다",3602,"월 46,900원",미술,소은
139,공예・바늘이야기 김대리,"탑다운 스웨터를 뜨며 가을, 겨울을 준비해봐요!",3605,"월 51,900원",공예,바늘이야기 김대리
140,공예・코튼클래스,"세상에서 가장 따뜻한, 코튼클래스의 처음 뜨는 나만의 스웨터 ",3599,"월 63,714원",공예,코튼클래스
141,사진/영상・사이,움직임을 통해 메세지를 전달하는 모션 그래픽,3587,"월 27,570원",사진/영상,사이
142,사진/영상・정멜멜,사진가 정멜멜의 가까워지고 멀어지며 나의 세계 편집하기,3566,"월 47,340원",사진/영상,정멜멜
143,디자인/개발・제이슨,"제이슨과 함께, 포토샵으로 만드는 나만의 판타지 세상",3541,"월 33,900원",디자인/개발,제이슨
144,미술・aassam,"포근하고 따뜻하게, 아쌈의 과슈 색연필 일러스트",3520,"월 63,900원",미술,aassam
145,공예・안녕늘보씨,"취향을 담아 만드는 19권의 수제 노트, 안녕늘보씨의 북바인딩",3511,"월 55,899원",공예,안녕늘보씨
146,공예・마르코로호,달달둥근달 할머니에게 매듭 한 번 배워볼텐가?,3507,"월 43,900원",공예,마르코로호
147,공예・위틀띵즈,"나무를 깎아 만드는 귀여운 소품, 위틀띵즈의 우드카빙",3500,"월 41,492원",공예,위틀띵즈
148,디지털 드로잉・소르르,"사랑스러운 패션과 데일리룩, 아이패드로 쉽고 간단하게 그려요",3492,"월 38,880원",디지털 드로잉,소르르
149,미술・HANA,"하루에 하나, HANA와 함께 그리는 작고 귀여운 수채화 그림",3459,"월 44,900원",미술,HANA
150,요리/음료・14일,"매일이 특별해지는 달콤한 마법, 14일의 알록달록 마카롱",3454,"월 56,900원",요리/음료,14일
151,공예・지음,"마음을 위로하는 위빙, 지음의 베틀 생활",3432,"월 44,827원",공예,지음
152,부업/창업/재테크・거상쌤,"20대, 30대를 위한 내 집 마련의 첫걸음, 부동산 공부는 빠를수록 좋다!",3416,"월 50,778원",부업/창업/재테크,거상쌤
153,미술・비비MOM,"영롱한 눈빛까지 그대로, 사랑스러운 고양이 색연필 초상화",3409,"월 37,350원",미술,비비MOM
154,미술・아이린,"손바닥 안에 그려내는 배낭여행자의 기록, 아이린의 여행드로잉 클래스",3389,"월 51,900원",미술,아이린
155,공예・스왈로우굿즈,"실로 그리는 그림, 스왈로우굿즈의 일러스트 프랑스자수",3365,"월 46,900원",공예,스왈로우굿즈
156,미술・강한,"나만의 그림으로 내 삶을 채우다, 강한의 색연필 일러스트",3362,"월 45,145원",미술,강한
157,미술・함형미,"발길이 닿는 곳, 시선이 머무는 것들을 담아요. 함형미의 어반스케치 드로잉",3359,"월 56,340원",미술,함형미
158,미술・ccarmin카아민,크리미한 질감과 독특한 색감으로 표현하는 유화 인물화,3360,"월 47,711원",미술,ccarmin카아민
159,미술・그림쟁이지니,영원히 남을 일상의 기록 - 그림쟁이 지니의 어반스케치,3336,"월 49,900원",미술,그림쟁이지니
160,직무・박신영,[PRO시리즈] 기획하다 - 기획이 막막한 사람들을 위한 기획 입문,3328,"월 41,860원",직무,박신영
161,디지털 드로잉・웨지,"환상 속 세계를 그려봐요, 일러스트레이터 웨지의 디지털 드로잉",3325,"월 49,420원",디지털 드로잉,웨지
162,미술・손은경,"영화 속 한 장면을 색다르게 그려요, 손은경과 함께하는 마카, 색연필 드로잉",3307,"월 39,900원",미술,손은경
163,미술・노보듀스 ,자연스러운 표정과 포즈를 표현해요! 일러스트레이터 노보듀스의 인물 기초 드로잉,3231,"월 46,900원",미술,노보듀스 
164,미술・빈티지걸,빈티지걸의 작고 예쁜 색연필 꽃그림,3225,"월 69,900원",미술,빈티지걸
165,디자인/개발・캘리스마인드(캘마),아이패드로 디자인 해볼래? ,3214,"월 49,000원",디자인/개발,캘리스마인드(캘마)
166,라이프 스타일・호수쌤,내 마음을 제대로 들여다봐요. 마인드 힐링 타로카드,3203,"월 43,900원",라이프 스타일,호수쌤
167,미술・서일환,흑백사진 같은 서일환의 리얼리즘 연필 인물화,3199,"월 39,900원",미술,서일환
168,공예・소소한날,"소소한날과 함께, 우리가 입을 옷을 재봉틀로 직접 지어요.",3198,"월 61,437원",공예,소소한날
169,디지털 드로잉・pinn,"상상을 더 정교하게 만드는 선과 채색, 일러스트레이터 핀의 디지털 드로잉",3196,"월 64,980원",디지털 드로잉,pinn
170,디지털 드로잉・그림그리는방,"감성 충전하는 아이패드 드로잉, 그림그리는방과 함께해요",3167,"월 33,880원",디지털 드로잉,그림그리는방
171,미술・모넥스(MMMMONEXX),"기본으로 그리다, 모나미 볼펜 인물 드로잉",3147,"월 37,900원",미술,모넥스(MMMMONEXX)
172,공예・오늘의 그림,'오늘의 그림'과 나만의 감성 네온사인 만들기,3146,"월 54,900원",공예,오늘의 그림
173,디지털 드로잉・조소현,텍스처가 살아있는 따듯한 아이패드 감성 드로잉,3131,"월 42,900원",디지털 드로잉,조소현
174,음악・주니,"홈레코딩 101 : 작사, 작곡부터 싱글발매까지",3115,"월 45,900원",음악,주니
175,미술・산호,"특별한 질감, 진한 여운. 일러스트레이터 산호의 불투명 수채화",3108,"월 38,900원",미술,산호
176,디지털 드로잉・YONGYONG,마우스로 쉽게 그리는 나만의 세상! 용용과 함께하는 일러스트 그리고 애니메이션,3075,"월 41,920원",디지털 드로잉,YONGYONG
177,미술・김루시,따라만 해도 캘리그래퍼! 루시랩의 펜 캘리그라피 완전정복,3064,"월 51,900원",미술,김루시
178,미술・단비스윗레인,"클래식한 아름다움, 단비의 카퍼플레이트 영문 캘리그라피",3055,"월 51,900원",미술,단비스윗레인
179,공예・조이라탄,"조이라탄과 함께, 처음 엮어보는 라탄 공예의 기초",3042,"월 47,900원",공예,조이라탄
180,공예・필드오즈,"나무 그 따뜻함에서 만나는 힐링, 우드카빙",3052,"월 54,900원",공예,필드오즈
181,부업/창업/재테크・단아쌤,"월 100만원 수익! 아이디어스, 스마트스토어에서 월급 외 수익 벌기",3035,"월 43,058원",부업/창업/재테크,단아쌤
182,공예・LOOOP,지친 하루를 다정하게 감싸줄 사계절 니트 양말 뜨기,3029,"월 63,592원",공예,LOOOP
183,공예・쌀이공방,사랑스러운 우리집 강아지 얼굴 만들기! 쌀이공방의 양모펠트,3025,"월 62,375원",공예,쌀이공방
184,공예・노브워크샵,천연 비누로 한 층 한 층 그려내는 풍경,3007,"월 42,042원",공예,노브워크샵
185,미술・그리고화실 수정쌤,"내가 보고 느끼는 그 장면 그대로, 여행스케치의 모든 것",2995,"월 51,900원",미술,그리고화실 수정쌤
186,디지털 드로잉・전구별,전구별과 떠나는 캐릭터 제작과 굿즈 만들기 세상,2996,"월 43,046원",디지털 드로잉,전구별
187,음악・정완 JEONGWAN," 일상을 음악으로 채색해봐요, 최정완과 함께 배우는 어쿠스틱 기타",2977,"월 41,900원",음악,정완 JEONGWAN
188,라이프 스타일・장혜현,언제쯤 내 마음을 글로 표현할 수 있을까?,2966,"월 35,540원",라이프 스타일,장혜현
189,사진/영상・다솜,휴대폰 하나면 충분해요! 인생사진 기록하는 방법,2955,"월 36,900원",사진/영상,다솜
190,공예・수놓는 발바닥,"꽁냥 꽁냥, 고양이는 진리 수놓는 발바닥과 함께 하는 고양이 자수",2968,"월 45,900원",공예,수놓는 발바닥
191,음악・보컬트레이너임선호,'마O무 보컬트레이너' 임선호에게 배우는 보컬 트레이닝,2964,"월 92,900원",음악,보컬트레이너임선호
192,공예・오즈앤엔즈,따뜻한 햇살을 그대로 담아 반짝이는 썬캐쳐 만들기,2957,"월 45,900원",공예,오즈앤엔즈
193,사진/영상・미쿠니스튜디오,포토그래퍼 미쿠니스튜디오와 배우는 카메라 그리고 사진,2942,"월 29,900원",사진/영상,미쿠니스튜디오
194,미술・GARI,마카와 색연필로 완성하는 나의 패션 일러스트 일기장,2929,"월 43,899원",미술,GARI
195,디지털 드로잉・배성규,"너와 내가 그리는 가장 아름다운 순간들, 배성규의 아이패드 드로잉",2916,"월 53,460원",디지털 드로잉,배성규
196,사진/영상・존코바,"더 심화된 모션그래픽, 영상에 전문가처럼 디테일 더하기",2905,"월 54,720원",사진/영상,존코바
197,공예・프리띵(pretthing),"먹지 마세요, 당신의 하루에 양보하세요. 유투버 프리띵의 맛있는 캔들",2899,"월 63,900원",공예,프리띵(pretthing)
198,공예・수밍,"악세사리부터 도일리까지! 내 마음의 쉼터, 태팅레이스",2888,"월 42,900원",공예,수밍
199,공예・별별그림,별별그림의 실크스크린으로 쓱싹 만드는 유니크한 굿즈,2876,"월 43,900원",공예,별별그림
200,디지털 드로잉・NCHO,아이패드와 프로크리에이트로 그리는 눈부시게 화려한 캐릭터 일러스트,2874,"월 49,500원",디지털 드로잉,NCHO
201,사진/영상・스케르잔도,"연출, 촬영, 보정까지! 스케르잔도의 매혹적인 인물 사진의 모든 것",2865,"월 39,900원",사진/영상,스케르잔도
202,디지털 드로잉・김이영,"김이영과 함께, 아이패드로 쓰는 영문 레터링 A to Z",2863,"월 51,880원",디지털 드로잉,김이영
203,미술・여행하는 수수씨,"직접 그리는 여행 엽서, 수수씨와 함께 여행의 순간을 그려요!",2861,"월 35,539원",미술,여행하는 수수씨
204,디자인/개발・뽀디리,"또 다른 첫 인상, 일러스트레이터로 셀프 브랜딩 시작하기",2846,"월 49,900원",디자인/개발,뽀디리
205,공예・가지뜨개,가지뜨개와 함께 포근한 겨울을 뜨자! 패브릭얀으로 배우는 코바늘 클래스,2842,"월 44,900원",공예,가지뜨개
206,공예・새벽달,동글동글 천천히 떠가는 나만의 코바늘 인형,2840,"월 49,900원",공예,새벽달
207,미술・흰 달,"몽환적인 상상을 담은 수채화, 흰달과 함께 꿈을 그려요",2836,"월 41,900원",미술,흰 달
208,공예・투모로우오브젝트(연주),나만의 감각을 담아 탄생하는 단 하나의 실버 주얼리,2819,"월 88,210원",공예,투모로우오브젝트(연주)
209,공예・신양아리,"반짝이는 레진에 담아낸 나의 이야기, 신양아리의 레진아트",2827,"월 46,049원",공예,신양아리
210,디지털 드로잉・정진호작가," 생각을 정리하는 탁월한 기술, 비주얼 씽킹",2812,"월 40,880원",디지털 드로잉,정진호작가
211,부업/창업/재테크・젊은부자마을 유비,뜬구름 잡지 않는 부동산 경매 투자법! 월급쟁이 부자는 없다.,2820,"월 75,148원",부업/창업/재테크,젊은부자마을 유비
212,라이프 스타일・리치메이커 김병인,저렴하게 배워보는 재테크전문가의 How To 재테크!,2809,"월 31,233원",라이프 스타일,리치메이커 김병인
213,디지털 드로잉・뽐뽐 스튜디오,귀염뽀짝 일러스트 굿즈 만들기의 모든 것!,2794,"월 43,880원",디지털 드로잉,뽐뽐 스튜디오
214,요리/음료・chobchop,찹찹테이블의 눈과 입이 행복한 건강식 레시피,2787,"월 43,900원",요리/음료,chobchop
215,공예・조이라탄,"조이라탄과 함께, 다채로운 무늬로 엮어내는 라탄 리빙 소품",2779,"월 58,900원",공예,조이라탄
216,미술・임새봄,색연필로 그리는 달콤한 디저트와 음료 일러스트,2752,"월 42,028원",미술,임새봄
217,공예・SAIDA,"누구나 상상을 현실로 만들 수 있어요, 나만의 커스텀 드레스만들기",2762,"월 74,900원",공예,SAIDA
218,미술・비채,비채와 수채화로 그리는 사랑스러운 꽃 한송이,2743,"월 64,875원",미술,비채
219,사진/영상・슛뚜,"[MINI] 핸드폰으로 만드는 영상, 소중한 시간의 기록",2730,"월 22,900원",사진/영상,슛뚜
220,미술・메그,"일기 쓰듯 한 장 한 장, 마카로 사각사각 데일리 드로잉",2719,"월 34,900원",미술,메그
221,요리/음료・낭만브레드,낭만브레드와 시작하는 행복한 빵 생활!,2709,"월 61,900원",요리/음료,낭만브레드
222,공예・자몽몽,"투명한 레진 속 모든 것이 멈추는 마법, 자몽몽의 레진공예/레진아트",2699,"월 54,899원",공예,자몽몽
223,공예・칠형제,"칠흑 속에서 빛나는 아름다움, 칠형제의 자개 이야기",2699,"월 79,900원",공예,칠형제
224,디지털 드로잉・상상주아,스트레스를 줄이는 일상의 즐거운 상상 그리기!,2689,"월 43,920원",디지털 드로잉,상상주아
225,요리/음료・yona,"요나와 함께하는 재료의 산책, 봄과 여름의 채소 요리",2700,"월 47,900원",요리/음료,yona
226,미술・메리지안,메리지안의 처음만나는 동양화 채색화 꽃그림,2654,"월 66,900원",미술,메리지안
227,공예・오키프,"천연비누, 기초부터 디자인까지 전문적으로 배우자",2651,"월 59,900원",공예,오키프
228,미술・아일렛솔,"따듯한 여행을 그리다, 아일렛솔의 오일파스텔 여행드로잉",2647,"월 42,377원",미술,아일렛솔
229,공예・뤼에르캔들,"세상의 모든 캔들, 방 안을 향기로 채워요.",2644,"월 58,900원",공예,뤼에르캔들
230,요리/음료・고은,"기억하고 싶은 특별한 날을 케이크에 담다, 빈티지 디자인 케이크 ",2632,"월 43,740원",요리/음료,고은
231,미술・선아시,볼펜 한 자루면 충분해요! 선아시와 함께 오늘의 나를 그려요.,2622,"월 29,900원",미술,선아시
232,사진/영상・후지필름연남점,"후지필름과 함께, 미러리스 카메라 100% 활용하기!",2616,"월 39,900원",사진/영상,후지필름연남점
233,공예・페이퍼아티스트 박혜윤,"종이만 있으면 평생 즐기는 취미, 페이퍼아트",2570,"월 49,900원",공예,페이퍼아티스트 박혜윤
234,디지털 드로잉・임동현,프랑스 에이전시 소속 작가가 알려주는 영화 같은 일러스트,2578,"월 41,360원",디지털 드로잉,임동현
235,디지털 드로잉・전희성,"그림과 친해지는 법, 매일 그려보는 라인 드로잉",2545,"월 32,810원",디지털 드로잉,전희성
236,음악・제이엠 (JayM),"피아니스트 제이엠과 함께, 누구나 쉽게 연주하는 피아노",2528,"월 39,920원",음악,제이엠 (JayM)
237,라이프 스타일・무나홈트,필라테스로 만든 하늘하늘거리는 라인,2524,"월 39,900원",라이프 스타일,무나홈트
238,라이프 스타일・양치승,양치승의 지옥 헬스 PT 클래스,2514,"월 28,400원",라이프 스타일,양치승
239,공예・ha:nu(하누),색을 담은 유리의 매력. 하누의 스테인드글라스 클래스,2477,"월 71,300원",공예,ha:nu(하누)
240,미술・펜크래프트,"흘려쓰는 순간 작품이 된다, 펜크래프트의 영문 필기체",2424,"월 44,900원",미술,펜크래프트
241,디자인/개발・E3,취향을 듬뿍 담은 나만의 팔레트 아트워크 만들어봐요,2430,"월 42,900원",디자인/개발,E3
242,라이프 스타일・앤클로써,"앤클로써의 하루 끝을 편안하게 녹여줄 배쓰밤, 버블바",2432,"월 61,900원",라이프 스타일,앤클로써
243,공예・myongs,"소소하지만 확실한 행복, myongs의 미니어처 클래스",2417,"월 51,900원",공예,myongs
244,요리/음료・빈브라더스,All About Coffee! 4가지 도구로 경험하는 다채로운 커피의 세계,2410,"월 65,900원",요리/음료,빈브라더스
245,공예・품프로젝트,품프로젝트의 하루만에 완성하는 나만의 버킷백,2397,"월 29,940원",공예,품프로젝트
246,디지털 드로잉・이모티콘 좋아요,"모찌, 세숑, 바쁘개 이모티콘은 어떻게 만들었을까? 이모티콘 제작 입문!",2397,"월 45,900원",디지털 드로잉,이모티콘 좋아요
247,미술・그레이스캘리,글과 그림에 마음을 담아 - 그레이스캘리의 수채화 캘리그라피,2387,"월 35,900원",미술,그레이스캘리
248,사진/영상・필름로그 film+log,"필름생활 입문, 업사이클 카메라 만들기부터 촬영까지",2369,"월 43,151원",사진/영상,필름로그 film+log
249,미술・도쿠카키,취미 미술의 최강자가 알려주는 투명 색연필 인물화의 7법칙,2383,"월 47,688원",미술,도쿠카키
250,음악・쏜스카이 ,"해금, 특별하고 아름다운 나만의 반려악기",2383,"월 30,160원",음악,쏜스카이 
251,공예・브로보이,"손 바느질로 만드는, 맛있는 패브릭 피규어",2367,"월 46,900원",공예,브로보이
252,라이프 스타일・이봄,이봄의 타로 클래스 ❥ 고민으로 잠 못드는 당신을 위해,2372,"월 49,100원",라이프 스타일,이봄
253,요리/음료・취미로 요리하는 남자,취미로 요리하는 남자의 취미로 하는 수비드 고기 요리,2363,"월 54,040원",요리/음료,취미로 요리하는 남자
254,디지털 드로잉・김웃,"소중했던 여행의 순간들을 기록해요, 김웃과 함께하는 아이패드 드로잉",2357,"월 36,880원",디지털 드로잉,김웃
255,미술・윤꽃,물의 빛깔로 그려내는 사계절 플라워 수채화,2353,"월 49,900원",미술,윤꽃
256,요리/음료・미완성식탁,감각적인 디저트를 완성하다! 마카롱&타르트의 모든 것,2356,"월 56,300원",요리/음료,미완성식탁
257,공예・lovelytatting,복잡할수록 아름다워요. lovelytatting과 함께 태팅 레이스,2346,"월 57,900원",공예,lovelytatting
258,직무・김도현,8년차 에디터에게 배우는 '잘 팔리는' 콘텐츠 제작법,2344,"월 39,198원",직무,김도현
259,디자인/개발・ZESSTYPE(제스타입),글자에 인상을 담아내는 한글 레터링 클래스,2315,"월 49,280원",디자인/개발,ZESSTYPE(제스타입)
260,공예・히소펠트,"니들펠트 기초, 심화, 응용까지 한번에! 히소의 고양이 니들펠트!",2319,"월 54,900원",공예,히소펠트
261,요리/음료・하이디공방,밀가루NO! 쌀가루로 만드는 건강하고 담백한 베이킹,2308,"월 42,325원",요리/음료,하이디공방
262,디지털 드로잉・해란,"디지털로 만들어내는 아날로그 감성, 아이패드 수채화 드로잉",2301,"월 43,880원",디지털 드로잉,해란
263,미술・오유,부담 없이 시작하는 모나미 플러스펜 수채화,2305,"월 53,000원",미술,오유
264,요리/음료・남자의 취미,"맛있게 취하는 입안의 힐링, 집에서 만드는 칵테일 '홈텐딩'",2297,"월 42,917원",요리/음료,남자의 취미
265,공예・녹챠방,내가 원하는 대로! 녹챠방의 DIY 귀걸이 만들기 클래스,2293,"월 34,900원",공예,녹챠방
266,디자인/개발・tOBEY,아트토이로 창조하는 나만의 캐릭터,2291,"월 83,000원",디자인/개발,tOBEY
267,디자인/개발・글자동경,디자이너를 위한 타이포그래피 완전정복 - 레터링,2286,"월 45,310원",디자인/개발,글자동경
268,공예・블랙탄,탄탄한 게 제일 좋아! 블랙탄의 탄탄한 가죽 공예,2262,"월 59,900원",공예,블랙탄
269,공예・데일리컨츄리,"빈티지한 코바늘 손뜨개 소품 만들기, 차근차근 시작해봐요",2263,"월 37,900원",공예,데일리컨츄리
270,미술・이재경,"내가 사랑한 모습 그대로, 이재경의 색연필 반려동물 초상화",2251,"월 47,900원",미술,이재경
271,요리/음료・청미당,"청미당과 함께, 쉽고 건강하고 맛있는 쌀 베이킹",2257,"월 52,720원",요리/음료,청미당
272,디지털 드로잉・달콩, 5가지 스타일을 한 번에! 달콩의 아이패드 드로잉,2241,"월 37,880원",디지털 드로잉,달콩
273,미술・카콜,선과 선이 만나 떠나는 카콜의 어반 스케치 여행,2230,"월 52,260원",미술,카콜
274,디지털 드로잉・리노,리노와 아이패드로 시작하는 디지털캘리그라피,2229,"월 49,800원",디지털 드로잉,리노
275,미술・이고,핑팡퐁의 몽글몽글 마카드로잉 클래스,2232,"월 31,900원",미술,이고
276,공예・미세스미미,"우연이 만들어내는 예술, 미세스미미와 함께하는 플루이드아트",2222,"월 49,900원",공예,미세스미미
277,"미술・choier, 최 형 석",한단계 더 높은 인물화 표현을 위한 해부학 101,2210,"월 46,900원",미술,"choier, 최 형 석"
278,공예・토크어바웃 플라워,토크어바웃과 함께 내 손으로 피워내는 한 다발의 꽃,2207,"월 59,860원",공예,토크어바웃 플라워
279,디지털 드로잉・안토베로,아이패드 프로크리에이트로 인물 모작 시작하기,2196,"월 42,880원",디지털 드로잉,안토베로
280,미술・donghokim,펜 하나로 그날의 기억을 담다. 김동호 작가의 공간 드로잉 ,2198,"월 44,900원",미술,donghokim
281,디지털 드로잉・클래스101,New iPad Pro + 취미 자유이용권 + 선착순 반값 애플펜슬까지! ,2189,"월 91,341원",디지털 드로잉,클래스101
282,디지털 드로잉・수수진(프로젝트158),"디지털 일러스트가 처음인 당신을 위해, 어도비 스케치 드로잉",2180,"월 44,280원",디지털 드로잉,수수진(프로젝트158)
283,요리/음료・어바웃마스,"Make your own rainbow, 어바웃 마스의 홈 카페 기초",2175,"월 40,300원",요리/음료,어바웃마스
284,부업/창업/재테크・효샤,내가 그린 캐릭터로 브랜드 시작하기! 굿즈부터 사업화까지,2169,"월 49,676원",부업/창업/재테크,효샤
285,미술・댄싱스네일,"마음을 예쁘게 칠하는 법, 댄싱스네일의 과슈화",2159,"월 50,220원",미술,댄싱스네일
286,공예・이본느모건 ,한 땀 한 땀  꽃을 수 놓다 - 보태니컬 입체 프랑스 자수,2159,"월 49,900원",공예,이본느모건 
287,라이프 스타일・뷰티피아 ,아름다운 라인을 잡아주는 연예인 경락 마사지,2154,"월 47,794원",라이프 스타일,뷰티피아 
288,라이프 스타일・리지,프로 일잘러를 위한 슬기로운 아이패드 활용법,2155,"월 54,900원",라이프 스타일,리지
289,디지털 드로잉・클래스101,[자유이용권] 6가지 클래스로 아이패드 시작하기 - 입문편,2153,"월 80,266원",디지털 드로잉,클래스101
290,디지털 드로잉・HONGSUK,기초부터 심화까지 탄탄하게 배우는 캐릭터 일러스트,2142,"월 45,900원",디지털 드로잉,HONGSUK
291,디지털 드로잉・연그림,세상 모든 것을 귀엽게! 연그림의 동글동글 타블렛 드로잉,2138,"월 34,900원",디지털 드로잉,연그림
292,라이프 스타일・요니나,"경제적 자유를 위한 첫 시작, 요니나의 가계부 작성법",2131,"월 29,900원",라이프 스타일,요니나
293,디지털 드로잉・클래스101,[자유이용권] 7가지 클래스로 아이패드 200% 즐기기 - 활용편,2129,"월 84,466원",디지털 드로잉,클래스101
294,미술・유미미,"오늘 느끼는 작은 행복, 과슈 드로잉 다이어리",2106,"월 43,800원",미술,유미미
295,디자인/개발・클래스101,모션그래픽 입문 1+1 기초부터 애니메이션까지,2100,"월 30,254원",디자인/개발,클래스101
296,디지털 드로잉・헬로그,쉽고 즐겁게! 직접 그려보는 반려동물 캐릭터,2092,"월 55,654원",디지털 드로잉,헬로그
297,라이프 스타일・유챌유라,"호흡과 명상으로 잡는 균형, 유챌의 호흡 트레이닝",2084,"월 38,712원",라이프 스타일,유챌유라
298,미술・딸비,서랍 속 싸인펜으로 그리는 맛있는 음식 일러스트,2085,"월 37,900원",미술,딸비
299,디지털 드로잉・흐스흐,"아이패드 드로잉의 기초부터 굿즈 제작까지, 따뜻하고 몽글몽글하게 흐스흐와 함께 해요!",2074,"월 44,280원",디지털 드로잉,흐스흐
300,직무・짤막한 강좌,실무자를 위한 바로 써먹는 쉽고 빠른 엑셀,2070,"월 29,826원",직무,짤막한 강좌
301,공예・후화정원,내 손으로 피워내는 꽃!  후화정원의 클레이크림 플라워로 배우는 꽃 파이핑,2054,"월 44,900원",공예,후화정원
302,미술・고고일러스트,"감성을 그립니다, 고고일러스트의 샤프로 그리는 인물 드로잉",2044,"월 44,900원",미술,고고일러스트
303,공예・NOA,내 고양이와 강아지를 위한 마크라메 ,2039,"월 99,750원",공예,NOA
304,디지털 드로잉・유노,누구나 쉽게 그리는 귀엽고 앙증맞은 SD 캐릭터 일러스트,2039,"월 46,440원",디지털 드로잉,유노
305,사진/영상・kyung6film,금손남친 경식스가 알려주는 스마트폰 하나로 영상 만들기,2030,"월 41,900원",사진/영상,kyung6film
306,디지털 드로잉・덕규,평범함 속에서 찾는 재미와 행복! 일러스트레이터 덕규의 디지털 드로잉,2026,"월 34,900원",디지털 드로잉,덕규
307,요리/음료・미뜰리에,"화과자, 달콤함으로 피워내는 한 송이 꽃",2003,"월 54,540원",요리/음료,미뜰리에
308,미술・지과자," 일상을 더욱 특별하게, 지과자의 감성 색연필 일러스트",2010,"월 36,900원",미술,지과자
309,디지털 드로잉・일월,일월과 말랑한 동화이야기를 아이패드로 그려봐요,1994,"월 41,880원",디지털 드로잉,일월
310,음악・박터틀,누구나 손쉽게 따라 하는 재즈피아노 입문 클래스,1986,"월 46,440원",음악,박터틀
311,미술・아쿠픽투라,"붓과 바늘로 그리는 그림, 아쿠픽투라의 수채화 자수",1981,"월 49,900원",미술,아쿠픽투라
312,요리/음료・라르고팩토리,"돈이 되는 달콤한 취미, 앙금 플라워 떡케이크",1973,"월 55,298원",요리/음료,라르고팩토리
313,요리/음료・란들렌,"정성 한 스푼, 애정 한 스푼, 란들렌과 함께하는 홈베이킹",1976,"월 59,900원",요리/음료,란들렌
314,디지털 드로잉・자토,"평범한 일상에 색을 더하는 시간, 자토의 아이패드 드로잉",1969,"월 45,880원",디지털 드로잉,자토
315,부업/창업/재테크・이재웅,현직 뮤비 감독에게 배우는 감각적인 영상 제작법,1961,"월 39,700원",부업/창업/재테크,이재웅
316,미술・hi_fooo,"영문 캘리그라피가 주는 소소한 행복, Lettering Together!",1954,"월 39,900원",미술,hi_fooo
317,디지털 드로잉・오니기리,이모티콘 작가 오니기리와 함께 카카오톡 이모티콘 만들기,1946,"월 34,900원",디지털 드로잉,오니기리
318,요리/음료・널리케이크,"예쁘고, 맛있고, 건강하게! 첨가물 없이 손쉽게 만드는 떡 디저트",1936,"월 58,610원",요리/음료,널리케이크
319,공예・블루도프,"일상을 빛나게, 섬세한 금속 공예로 만나는 핸드메이드 주얼리",1939,"월 93,900원",공예,블루도프
320,공예・라미서울,추억이 담긴 가죽 그리고 나의 작은 공방,1937,"월 59,900원",공예,라미서울
321,라이프 스타일・편블리,손톱 위에 펼쳐지는 나만의 동화! 러블리한 감성 네일 아트,1932,"월 62,900원",라이프 스타일,편블리
322,공예・쭘언니,"콕! 찔러보고 싶은 귀여움, 양모펠트",1923,"월 48,900원",공예,쭘언니
323,미술・조맹,"크로키로 찾아가는 나만의 선, 나만의 드로잉 ",1906,"월 48,900원",미술,조맹
324,미술・김소라,김소라와 함께 내 마음 속 순간을 수채화로 간직해요,1909,"월 50,899원",미술,김소라
325,미술・골드손,유튜버 골드손과 함께 오일파스텔로 그리는 오늘의 한 장면,1910,"월 56,272원",미술,골드손
326,미술・greenut,"greenut의 일상과 여행을 물들이는 수채화, 그리고 드로잉",1901,"월 52,900원",미술,greenut
327,미술・복고풍로맨스,"꽃송이에 복고풍 감성을 담아, 복고풍로맨스의 감성 수채화",1907,"월 46,900원",미술,복고풍로맨스
328,부업/창업/재테크・제제미미,하고싶은 일을 하며 살아보세요. 월급은 에어비앤비가 대신 벌어드립니다!,1896,"월 41,278원",부업/창업/재테크,제제미미
329,공예・스티치랩 소잉 스튜디오,나만의 색깔로 디자이너처럼! 스티치랩과 함께 재봉틀로 만드는 하나뿐인 소품,1893,"월 49,900원",공예,스티치랩 소잉 스튜디오
330,미술・정중원,"현실, 그 이상을 그리다 - 화가 정중원과 함께하는 아크릴 인물화",1885,"월 53,900원",미술,정중원
331,요리/음료・빠다쥬,프랑스 유학파 파티시에의 원리부터 배우는 정통 디저트,1889,"월 54,600원",요리/음료,빠다쥬
332,미술・다혜,섬세한 붓터치로 종이에 물드는 자연스러운 인물수채화,1883,"월 46,900원",미술,다혜
333,미술・러브조이,"모던 레터링, 종이 위를 울리는 펜촉의 리듬",1877,"월 41,900원",미술,러브조이
334,공예・멘티자수,"차분히 즐기는 멘티의 프랑스자수, 6가지 생활소품으로!",1883,"월 59,900원",공예,멘티자수
335,미술・전주영,"조금 삐뚤어도 괜찮아! 무한한 선의 매력, 펜 드로잉",1875,"월 39,900원",미술,전주영
336,미술・쥬드 프라이데이,웹툰 <진눈깨비 소년> 작가 쥬드씨의 오늘밤 시작하는 풍경수채화 ,1869,"월 40,031원",미술,쥬드 프라이데이
337,요리/음료・리화쌤,샐러드로만 한 달을 버틸 수 있는 샐러드 레시피 & 드레싱 클래스,1873,"월 38,900원",요리/음료,리화쌤
338,공예・미나랜드,수틀 안 향기로운 꽃밭을 수놓는 프랑스 자수,1870,"월 44,940원",공예,미나랜드
339,요리/음료・파티플래너 메이랩,"피크닉을 부르는 홈 샌드위치, 전문점의 비법을 가득 담아요!",1868,"월 52,322원",요리/음료,파티플래너 메이랩
340,라이프 스타일・고민수,HIIT로 짧고 굵게! 고효율 운동루틴으로 만드는 비키니바디,1862,"월 30,140원",라이프 스타일,고민수
341,요리/음료・프리미엄 엔게티,싱그러운 과일을 더욱 달콤하게! 프리미엄 수제청 만들기,1859,"월 53,900원",요리/음료,프리미엄 엔게티
342,공예・박은혜,"포근한 니트로 만드는 나만의 글씨, 봉봉메이드 니트레터링 클래스 ",1850,"월 61,900원",공예,박은혜
343,공예・marie,"내가 만드는 작은 세상, 마리와 함께 돌하우스 Tea Room",1843,"월 79,900원",공예,marie
344,공예・딜라잇모모,"반짝반짝 빛나는 젤 캔들, 딜라잇모모와 만들어요.",1838,"월 65,278원",공예,딜라잇모모
345,공예・달빛정원,"프랑스 자수인들의 로망, 스티치북 만들기",1834,"월 44,900원",공예,달빛정원
346,사진/영상・박소영,모션그래픽 훈련! 소스 제작을 포함한 다양한 영상 만들어보기,1839,"월 50,580원",사진/영상,박소영
347,공예・offn,뚝딱뚝딱 내 책상에서 시작하는 미니 가죽공방,1819,"월 79,900원",공예,offn
348,디자인/개발・홍마루,스파인으로 나의 그림에 생명을 불어넣어요!,1813,"월 37,570원",디자인/개발,홍마루
349,공예・가비&,"유리 같이 아슬아슬한 아름다움을 담은 꽃, 가비앤공방의 딥플라워 공예",1818,"월 79,900원",공예,가비&
350,공예・fxng 퐁,"자연과 나를 위한 향기로운 선물, 비건 비누 제작법",1811,"월 54,861원",공예,fxng 퐁
351,음악・임둥,"화려한 불빛의 멜로디, 색다른 전자피아노 런치패드",1817,"월 31,900원",음악,임둥
352,디자인/개발・컨트롤에쓰,"디자인은 '실무자'에게 배우세요, 기본기부터 탄탄한 디자이너가 되기까지",1790,"월 36,900원",디자인/개발,컨트롤에쓰
353,미술・윤이크,"붓과 먹이 만나, 종이 위에 펼쳐지는 나만의 동양화 한 폭",1780,"월 56,900원",미술,윤이크
354,요리/음료・김지나,"한 통에 담기는 다채로운 맛, 카페조말순과 함께 도시락을 만들어요",1763,"월 39,900원",요리/음료,김지나
355,부업/창업/재테크・드로우앤드류,"열정을 돈으로 만드는 기술, 인스타그램 퍼스널브랜딩",1754,"월 43,058원",부업/창업/재테크,드로우앤드류
356,미술・낮잠,"달콤한 낮잠 같은 색으로, 낮잠의 색연필 드로잉",1750,"월 46,887원",미술,낮잠
357,요리/음료・제인,"와인이 아직 낯선 당신을 위해, 지금 만나는 와인 첫걸음",1744,"월 38,900원",요리/음료,제인
358,디자인/개발・무늬상점,"즐거운 무늬라이프의 시작, 패턴디자인부터 패브릭제작까지",1738,"월 50,580원",디자인/개발,무늬상점
359,미술・리곡,"여행, 색으로 기억해요! 리곡과 함께하는 포스터물감 드로잉 ",1737,"월 51,900원",미술,리곡
360,공예・향기로운 블라썸,"무수한 색이 만나 피워내는 한 줄기 빛, 블라썸의 캔들 메이킹",1732,"월 74,900원",공예,향기로운 블라썸
361,미술・레이,"손끝에서 피어나는 아름다움, 레이의 감성 꽃 수채화 일러스트",1734,"월 71,700원",미술,레이
362,공예・orzr(아라),"손으로 짓는 단정한 일상, 손바느질 리넨소품",1728,"월 51,900원",공예,orzr(아라)
363,라이프 스타일・요가소년,"하루 10분, 요가로 찾은 내 몸의 선",1728,"월 30,574원",라이프 스타일,요가소년
364,부업/창업/재테크・미돌남 - 미싱 돌리는 남자,"내가 만든 수공예품, 그림 굿즈, 디지털 파일 판매로 엣시에서 돈 버는 법!",1726,"월 45,632원",부업/창업/재테크,미돌남 - 미싱 돌리는 남자
365,공예・서로스튜디오,All you need is Hand! 서로 스튜디오의 마크라메 홈 인테리어,1720,"월 54,320원",공예,서로스튜디오
366,공예・코구리,인생의 센스는 다이어리에서! 코구리와 다이어리 한 권 완성하기,1715,"월 28,720원",공예,코구리
367,공예・안동동화,"라탄으로 엮는 고풍스러운 나만의 소품, 안동동화의 라탄 공예 클래스",1715,"월 59,925원",공예,안동동화
368,미술・김져니,김져니와 함께 나의 이야기를 남기는 수채화 그림일기,1718,"월 39,900원",미술,김져니
369,라이프 스타일・멍멍슈퍼,"사랑하는만큼 건강하게, 반려견을 위한 저알러지 수제 간식 만들기",1713,"월 25,900원",라이프 스타일,멍멍슈퍼
370,디지털 드로잉・다옹 ,"일러스트와 만화, 그 경계를 허무는 이야기가 담긴 캐릭터 드로잉",1699,"월 50,700원",디지털 드로잉,다옹 
371,디지털 드로잉・김하나,"귀여운 낙서로 돈 버는 법, 캐릭터로 이모티콘 연금 만들기!",1699,"월 51,440원",디지털 드로잉,김하나
372,음악・Superflat,음악을 쉽고 색다르게: 악기 없는 작곡 클래스,1693,"월 38,900원",음악,Superflat
373,미술・NUNU,"물의 번짐도 예술이 된다, 수채화로 펼쳐질 동물 이야기",1695,"월 51,900원",미술,NUNU
374,디지털 드로잉・달콩,"낯설기만 했던 색과 친해지는 시간, 아이패드 색 일러스트",1690,"월 38,880원",디지털 드로잉,달콩
375,디자인/개발・두이,차근차근 배우는 포토샵 툴과 디자인,1681,"월 43,200원",디자인/개발,두이
376,미술・sunny,이명선의 스케치 없이 쉽게 그리는 수채화 일러스트,1680,"월 44,400원",미술,sunny
377,디자인/개발・송호종,Adobe 디자인 트렌드에 소개된 디자이너와 그래픽 아트웍 스킬업하기,1682,"월 49,900원",디자인/개발,송호종
378,공예・라미서울,"내 발걸음이 닿는 곳, 그 이야기를 담는 가죽 가방",1679,"월 42,499원",공예,라미서울
379,공예・자수하는으녕씨,소복소복 바늘 끝에서 피어오르는 자수,1684,"월 39,900원",공예,자수하는으녕씨
380,미술・카콜,카콜과 함께 나만의 감성 하늘을 그려보자,1673,"월 52,046원",미술,카콜
381,공예・포터리쏘,원하는 색감과 디자인으로! 도자기 액세서리 제작법,1673,"월 71,900원",공예,포터리쏘
382,공예・페이퍼 아티스트 사랑,크니까 더 예쁘다! 사랑과 함께하는 자이언트 페이퍼플라워,1678,"월 48,900원",공예,페이퍼 아티스트 사랑
383,운동・듀잇,"Dew it, Do it ! 매일매일 건강해지는 하루 10분 홈트레이닝",1667,"월 42,900원",운동,듀잇
384,미술・크레용토끼,"다채로운 빛이 가득, 크레용토끼의 오일파스텔 풍경화 일러스트",1666,"월 45,900원",미술,크레용토끼
385,사진/영상・Doyou.fim(두유필름),일상을 특별하게 만드는 마법! 사진 & 라이트룸 보정법,1663,"월 44,900원",사진/영상,Doyou.fim(두유필름)
386,미술・보니룸,오일파스텔로 내 사진첩 속 추억을 특별하게 기록해요,1660,"월 55,040원",미술,보니룸
387,미술・김이영,"붓펜으로 그려낸 보통 날, 보통의 글씨",1642,"월 39,900원",미술,김이영
388,시그니처・김규삼,"닮고 싶은, 담고 싶은 웹툰 원고 제작 기법",1635,"월 25,233원",시그니처,김규삼
389,공예・소울스트링,"마음을 두드리다, 못과 실로 엮는 소울스트링의 스트링아트",1623,"월 49,900원",공예,소울스트링
390,공예・지음,"위빙으로 엮는 나만의 패턴, 나만의 소품 - 지음과 함께 힐링 위빙",1601,"월 57,605원",공예,지음
391,디자인/개발・SNL STUDIO,"건축 디자인 All in one, 디자인부터 모델링까지",1588,"월 56,700원",디자인/개발,SNL STUDIO
392,부업/창업/재테크・카인드쌤,"집이 없어도 월세를 받을 수 있는 방법, 쉐어하우스 창업!",1587,"월 43,058원",부업/창업/재테크,카인드쌤
393,공예・NOA,더블디 노아의 감성가득 마크라메 클래스,1581,"월 74,750원",공예,NOA
394,미술・슛뚜,유투버 슛뚜와 함께 아크릴로 그리는 포근한 풍경,1561,"월 42,480원",미술,슛뚜
395,공예・팰롱팰롱빛나는,팰롱팰롱 빛나는 추억을 비누에 담아 기억하고 공유해요.,1566,"월 59,900원",공예,팰롱팰롱빛나는
396,사진/영상・JHN STUDIO(정훈남),정스와 함께 내 손으로 직접 만드는 귀여운 픽셀아트 세계,1568,"월 45,360원",사진/영상,JHN STUDIO(정훈남)
397,"공예・이지, 유어디자인",흙을 도화지 삼다. 나만의 색을 담은 도자기,1569,"월 39,900원",공예,"이지, 유어디자인"
398,라이프 스타일・Mobi 모비,"우아한 레인보우 셀프 염색, 탈색 없이 해볼래요?",1562,"월 70,900원",라이프 스타일,Mobi 모비
399,라이프 스타일・인생관리전문가 박소장,"미루는 습관을 이기고 완벽한 하루를 만들어줄, 인생 관리 시스템",1563,"월 42,900원",라이프 스타일,인생관리전문가 박소장
400,공예・위풍당당그녀,"사소한 것도 특별하게, 위풍당당그녀와 함께하는 보자기랩핑",1555,"월 44,900원",공예,위풍당당그녀
401,공예・홀쥬 ,"부드럽고 따뜻한 그 향기, 필라캔들 그리고 비누",1543,"월 73,900원",공예,홀쥬 
402,디지털 드로잉・제이(Jay),"사물, 인물 그리고 풍경까지! 아이패드 드로잉의 모든 것",1541,"월 38,880원",디지털 드로잉,제이(Jay)
403,공예・스태리라운지,"고요한 시간, 바늘로 그리는 포근한 그림 한 폭",1532,"월 53,900원",공예,스태리라운지
404,디자인/개발・피도리,보노보노는 이제 그만! 피도리의 실전 PPT,1526,"월 39,950원",디자인/개발,피도리
405,공예・신이의 매듭세상,전통매듭으로 설레임을 엮다! 신이의 매듭세상,1522,"월 45,900원",공예,신이의 매듭세상
406,공예・엔원 투엘엘 위빙 ,"실로 그리는 컬러 콜라주, 태피스트리 도형 위빙",1521,"월 36,023원",공예,엔원 투엘엘 위빙 
407,미술・온초람,"여행을 준비하는 설렘을 그대로, 온초람의 여행 마카드로잉",1518,"월 48,900원",미술,온초람
408,공예・미니메이든,"당신의 마음을 채워드립니다, 미니메이든의 맛있는 미니어처",1518,"월 54,900원",공예,미니메이든
409,요리/음료・김밀란,"미슐랭 요리사, 김밀란과 함께 하는 이탈리아 가정식 클래스",1516,"월 43,900원",요리/음료,김밀란
410,디지털 드로잉・몽냥툰_삼일사,소소한 일상을 그리는 몽냥툰과 함께 인스타툰 입문하기,1515,"월 43,880원",디지털 드로잉,몽냥툰_삼일사
411,미술・artye(최예지),"나를 알아가고 기록하는 시간, 위로가 되는 글과 그림  ",1499,"월 51,060원",미술,artye(최예지)
412,부업/창업/재테크・대학생 김머신,11만 유튜버 '대학생김머신'의 무엇이든 팔 수 있는 쇼핑몰 창업 가이드,1481,"월 75,992원",부업/창업/재테크,대학생 김머신
413,요리/음료・꼬야,"맛이 예쁜 아기자기 레시피, 꼬야의 캐릭터 푸드",1490,"월 47,900원",요리/음료,꼬야
414,공예・단디,"액세서리부터 소품까지, 마음을 담아 엮는 전통매듭",1472,"월 51,244원",공예,단디
415,미술・KATH,"좋아하는 음악, 영화, 그리고 사람. 캐쓰와 함께 색연필로 그려요!",1470,"월 51,900원",미술,KATH
416,디지털 드로잉・김마웨(kimmyway),모바일로 그려요!  애니메이션 같은 나만의 캐릭터 만들기,1467,"월 47,440원",디지털 드로잉,김마웨(kimmyway)
417,시그니처・최현우,지금 이 순간 마법 같은 일상,1461,"월 21,233원",시그니처,최현우
418,공예・라탄스튜디오 가람,"내 손으로 만드는 10가지 라탄 소품, 결 따라 엮어내는 하루의 쉼표",1465,"월 51,542원",공예,라탄스튜디오 가람
419,공예・빛을담다,"영롱한 보석 캔들, 방향제, 모빌의 빛과 향기로 공간을 가득 채워요.",1461,"월 67,208원",공예,빛을담다
420,미술・OurWASAB,"한 번의 터치로도  감각 있어 보이는 방법, 미니멀 마카 드로잉",1456,"월 54,900원",미술,OurWASAB
421,디지털 드로잉・시우,클립스튜디오로 처연한 여운이 남는 짙은 감성의 일러스트 그리기,1450,"월 54,720원",디지털 드로잉,시우
422,공예・고니네미,"내 손으로 만드는 작은 세상, 테라리움 만들기",1447,"월 57,900원",공예,고니네미
423,사진/영상・앤돌핀,"홀연히 경이롭게, 일상을 여행처럼. 힐링 사진 촬영과 라이트룸 보정",1445,"월 33,900원",사진/영상,앤돌핀
424,라이프 스타일・이임복,토요일 3시간으로 완성하는 책 출간의 모든 것,1443,"월 42,900원",라이프 스타일,이임복
425,시그니처・코드 쿤스트,코드 쿤스트의 프로듀싱 클래스,1445,"월 28,400원",시그니처,코드 쿤스트
426,디지털 드로잉・최삡뺩,네이버웹툰 작가 최삡뺩의 개그만화 그리기 클래스,1435,"월 39,900원",디지털 드로잉,최삡뺩
427,EASY DIY・리얼브릭,DIY 미니어쳐 미니벽돌 벽난로 키트,1431,"22,900원",EASY DIY,리얼브릭
428,미술・sentiday (센티데이),"마음이 센치해지는 날, 나를 위로해 줄 수채화 리스 그리기",1420,"월 52,900원",미술,sentiday (센티데이)
429,공예・마음을 담은 리네아,"평생 취미가 될 코바늘, 매일 함께할 하나뿐인 가방",1422,"월 62,400원",공예,마음을 담은 리네아
430,라이프 스타일・실버택,도그핏의 애견미용사 실버택이 알려주는 우리집 강아지 셀프미용!,1417,"월 58,900원",라이프 스타일,실버택
431,디지털 드로잉・클래스101,"갤럭시 노트, 잠자던 펜을 깨울 시간",1409,"월 145,336원",디지털 드로잉,클래스101
432,공예・이본느모건 ,20종의 비즈와 스팽글로 완성하는 특별한 입체자수,1415,"월 73,480원",공예,이본느모건 
433,요리/음료・요아마미,맛과 멋을 사로잡는 한식의 품격!,1407,"월 42,900원",요리/음료,요아마미
434,시그니처・성지훈,성지훈의 믹싱 & 마스터링 클래스,1405,"월 39,400원",시그니처,성지훈
435,미술・리버워드,글씨교정으로 또박또박 시작하는 바른 손글씨 생활,1405,"월 39,284원",미술,리버워드
436,공예・미림주인,"세상의 모든 가방, 머릿속에 그리는 대로 만드는 코바늘뜨기",1394,"월 48,437원",공예,미림주인
437,시그니처・홍석천,실패를 줄이는 my 외식업 스토리,1403,"월 22,066원",시그니처,홍석천
438,직무・생각정리스킬 복주환,"일 잘하는 사람들의 생각법, 복주환의 생각 정리 스킬",1392,"월 49,676원",직무,생각정리스킬 복주환
439,공예・수밍,"태팅레이스, 손뜨개로 엮어내는 내 일상 속 소품",1396,"월 46,900원",공예,수밍
440,공예・하라두,"돌돌 감아 완성하는 색다른 매력, 하라두의 코일링을 만나요.",1390,"월 55,386원",공예,하라두
441,사진/영상・신혜림,"느림의 미학, 사진작가 신혜림의 필름 사진",1383,"월 47,340원",사진/영상,신혜림
442,부업/창업/재테크・이학림 디자이너,나만의 철학이 담긴 패션 브랜드 런칭하기 A to Z,1372,"월 39,890원",부업/창업/재테크,이학림 디자이너
443,공예・앙즈,아름다운 정통 프랑스자수를 만나다,1359,"월 66,900원",공예,앙즈
444,요리/음료・티애나,전문 티블렌더와 함께하는 일상 속 Tea Life 만들기,1351,"월 67,000원",요리/음료,티애나
445,미술・dewbox,상상력과 디테일로 그려낼 나만의 수채화 그림일기,1346,"월 44,900원",미술,dewbox
446,요리/음료・쪼자매,"나의 첫 번째 한식 디저트, 쪼자매와 함께 만들어요",1342,"월 44,900원",요리/음료,쪼자매
447,디자인/개발・PUSH THE LEVER,세계 3대 디자인 어워드 수상자와 함께하는 디자인 기초 체력 기르기,1342,"월 44,700원",디자인/개발,PUSH THE LEVER
448,공예・모호자수,"명화와 함께하는 일상, 모호의 명화 프랑스자수",1339,"월 50,524원",공예,모호자수
449,부업/창업/재테크・이은지(은짜언니),"내 재능을 이용한 디지털 파일, 문서로 자동화 수입 만들기!",1335,"월 47,690원",부업/창업/재테크,이은지(은짜언니)
450,미술・ Ssolalee(소라),사랑스러운 순간을 그리고 기록하는 그림책을 만들어요,1335,"월 52,900원",미술, Ssolalee(소라)
451,미술・AY,색연필과 펜으로 감각적인 색감을 찾아 그려보는 여행 그림,1329,"월 45,020원",미술,AY
452,부업/창업/재테크・몰랑이 작가,몰랑이 작가에게 배우는 잘 팔리는 캐릭터 디자인 & 캐릭터 매뉴얼 제작법,1330,"월 51,348원",부업/창업/재테크,몰랑이 작가
453,디자인/개발・레이첼 (Rachel),"YG, SM디자이너에게 배우는 엔터테인먼트 디자인과 비주얼디렉팅 ",1318,"월 47,640원",디자인/개발,레이첼 (Rachel)
454,직무・투마일러(2miler),POWER BI로 배우는 데이터 시각화,1311,"월 36,442원",직무,투마일러(2miler)
455,디자인/개발・김연디,실무 디자이너가 알려주는 어필 잘되는 포트폴리오 만들기,1314,"월 41,220원",디자인/개발,김연디
456,직무・박세진,220문장으로 토익부터 회화까지! 비즈니스 영어 완성,1314,"월 27,188원",직무,박세진
457,공예・끌레드륀느,매듭 하나로 무엇이든 만들 수 있는 마크라메 입문,1307,"월 50,900원",공예,끌레드륀느
458,라이프 스타일・Daniel,아무것도 몰라도 배울 수 있는 스페인어,1283,"월 34,900원",라이프 스타일,Daniel
459,디자인/개발・WOOK_DDD,사진보다 더 진짜 같은 3D 렌더링 (Keyshot 9),1274,"월 48,900원",디자인/개발,WOOK_DDD
460,시그니처・팔로알토,팔로알토의 랩 클래스,1256,"월 26,900원",시그니처,팔로알토
461,공예・벨리아떼,널 '조화'해! 플로리스트 벨리아떼와 함께 조화를 다뤄요.,1253,"월 53,951원",공예,벨리아떼
462,라이프 스타일・먼지나방 스토그래피,매력을 최대치로 끌어올리는 먼지나방의 퍼스널컬러,1242,"월 55,500원",라이프 스타일,먼지나방 스토그래피
463,자기계발・심리멘토 박세니,"멘탈이 바뀌면 인생도 바뀐다, 박세니의 실전 응용 심리학",1228,"월 125,862원",자기계발,심리멘토 박세니
464,공예・모모쥬빌레,"예쁜 것만 볼 수 있도록, 한잎 한잎 클레이크림 플라워",1232,"월 57,900원",공예,모모쥬빌레
465,음악・아야금 AYAGEUM,"만화주제곡부터 영화OST까지, 아야금과 함께하는 25현 가야금",1225,"월 34,900원",음악,아야금 AYAGEUM
466,미술・Findenart 핀든아트,이젠 그림 '잘' 그리고 싶다!  핀든아트의 두 번째 클래스,1213,"월 68,900원",미술,Findenart 핀든아트
467,미술・지희몬,"어릴 적 크레파스의 기억을 되돌리다, 오일파스텔 드로잉",1219,"월 54,900원",미술,지희몬
468,공예・피그말리온,"구체관절인형, 모델링부터 연출까지! 꿈꾸던 인형을 현실에 구현해요.",1211,"월 91,900원",공예,피그말리온
469,공예・mitten ,하루종일 껴안고 싶은 나만의 양모인형  ,1205,"월 53,900원",공예,mitten 
470,직무・그랩,"개발자가 되고 싶은 당신을 위해, 개발자가 되는 로드맵 A to Z",1207,"월 38,972원",직무,그랩
471,공예・페이퍼 아티스트 사랑,"사각사각 종이에 담아낸 행복, 페이퍼 크래프트",1201,"월 39,900원",공예,페이퍼 아티스트 사랑
472,공예・자몽몽,"종이가 색색깔 플라스틱이 되다, 마법같은 슈링클스 공예",1199,"월 51,900원",공예,자몽몽
473,요리/음료・yona,삶의 요령이 쌓이는 채소반찬 요리,1197,"월 46,380원",요리/음료,yona
474,요리/음료・하얀술,직접 피워낸 누룩으로 빚은 내 생애 첫 막걸리,1185,"월 48,900원",요리/음료,하얀술
475,디지털 드로잉・유총총,"쉽고 귀여운 총총툰, 함께 그려봐요!",1114,"월 26,900원",디지털 드로잉,유총총
476,공예・무아랩 ,"아름답고 향기로운 꽃, 드라이플라워로 오래도록",1169,"월 57,900원",공예,무아랩 
477,공예・ bys,시선이 머무르는 나만의 레진 공예 아이템 만들기,1167,"월 61,900원",공예, bys
478,라이프 스타일・옴고묵따,내 안의 우주를 만나는 차크라 요가와 명상,1170,"월 36,900원",라이프 스타일,옴고묵따
479,부업/창업/재테크・알머리 제이슨,"주식투자, 운도 감도 아닌 학습입니다",1158,"월 52,984원",부업/창업/재테크,알머리 제이슨
480,디지털 드로잉・다야(daya),"[MINI] 유명 동화 속 세상, 나의 색감으로 채워내기",1155,"월 26,200원",디지털 드로잉,다야(daya)
481,EASY DIY・버드인페이지,DIY 꽃잎 수채화 컬러링 키트,1146,"22,900원",EASY DIY,버드인페이지
482,미술・클래스101,[자유이용권] 5가지 클래스로 펜과 색연필 즐기기,1152,"월 70,516원",미술,클래스101
483,라이프 스타일・폴소영,"나의 첫 폴댄스, 가장 우아한 근력 운동",1139,"월 37,700원",라이프 스타일,폴소영
484,음악・태경이삼촌,태경이 삼촌의 도 몰라도 미칠 수 있는 코드 피아노 반주법,1134,"월 45,360원",음악,태경이삼촌
485,직무・박창선,[PRO시리즈] 두 번 일하지 않는 디자이너의 커뮤니케이션,1136,"월 36,260원",직무,박창선
486,공예・뜨레드마크라메,"마크라메로 엮는 핸드메이드 가방, 지갑부터 크로스백까지!",1134,"월 51,900원",공예,뜨레드마크라메
487,사진/영상・양품생활,"유튜브 100만 조회수를 만든, 유튜버 양품생활의 리뷰 영상제작의 비밀",1120,"월 42,279원",사진/영상,양품생활
488,디지털기기/ACC・클래스101,가격 절약 아이패드 특가전,1120,"월 33,000원",디지털기기/ACC,클래스101
489,요리/음료・달비케이크,"폭신한 달콤함이 주는 행복, 달비 케이크만의 특별 레시피 비법",1115,"월 35,526원",요리/음료,달비케이크
490,직무・홍석희(킹홍),IT 주니어를 위한 실전 UX 디자인 개론,1110,"월 45,954원",직무,홍석희(킹홍)
491,미술・세레나아트 Serena,"아크릴 물감과 팔레트 나이프, 붓으로 그리는 캔버스화",1113,"월 54,902원",미술,세레나아트 Serena
492,미술・그레이스캘리,취미와 자격증을 한번에! 그레이스캘리의 수채화캘리그라피 자격증 클래스,1113,"월 48,228원",미술,그레이스캘리
493,공예・LEEDA,은은하게 나의 공간을 감싸는 향과 온기,1106,"월 79,900원",공예,LEEDA
494,미술・디자인마노,"오일파스텔로 그리는 칠판그림감성, 디자인마노의 초크아트 클래스",1105,"월 59,900원",미술,디자인마노
495,미술・필림,"글씨의 진한 울림, 필림의 손글씨 교정 클래스",1106,"월 44,900원",미술,필림
496,요리/음료・커픽처스,"취미부터 창업까지, 카페 음료는 '커픽처스'에게 쉽고 꼼꼼하게 배우세요. ",1100,"월 44,900원",요리/음료,커픽처스
497,공예・시은맘,"시은맘의 꼼지락 작업실, 단짝 친구 코바늘 인형 만들기",1093,"월 69,700원",공예,시은맘
498,미술재료・클래스101,"이렇게 멋진 수채화 키트,어때요? 클래스101과 고넹이화방이 기획한 3가지 수채화 키트  ",1087,"45,000원",미술재료,클래스101
499,부업/창업/재테크・진문,판타지 웹 소설 작가 되어 ‘내 글’로 돈 벌어보기,1088,"월 49,676원",부업/창업/재테크,진문
500,미술・클래스101,둡BEST 1+1 연필드로잉부터 채색까지,1087,"월 40,086원",미술,클래스101
501,공예・아기신발한땀,직접 만드는 우리 아이 첫 신발,1087,"월 81,654원",공예,아기신발한땀
502,디지털 드로잉・김아이,"글자에 감성을 담아 써내려가다, 김아이 디지털 캘리그라피",1082,"월 45,026원",디지털 드로잉,김아이
503,디지털 드로잉・일홍,"나를 위로하는 따뜻한 그림, 일홍과 함께 디지털로 그려요!",1074,"월 44,900원",디지털 드로잉,일홍
504,디자인/개발・Force Team Task,"액자 속 움직이는 세상, 증강현실 포스터 만들어보기",1076,"월 44,280원",디자인/개발,Force Team Task
505,부업/창업/재테크・1프로마케터  서동민,쿠팡 파트너스와 제휴 마케팅으로 집에서 월 200만 원 부수익 만들기,1069,"월 43,058원",부업/창업/재테크,1프로마케터  서동민
506,부업/창업/재테크・興하게 도와드리는 흥소장,'브랜드'적으로 사업계획서 쓰는 비결! (+디자인씽킹 +브랜드컨셉 +마케팅 까지),1067,"월 42,986원",부업/창업/재테크,興하게 도와드리는 흥소장
507,사진/영상・단호근,"전 세계 하나뿐인 나만의 색감, 단호근의 파이널컷프로 색보정 클래스",1059,"월 43,900원",사진/영상,단호근
508,요리/음료・Table301,Table301의 특별한 레시피 가득 담긴 수제 카라멜&푸딩 클래스 ,1062,"월 52,900원",요리/음료,Table301
509,공예・달빈,소중한 마음을 담아 만드는 달빈의 재봉틀 클래스,1059,"월 69,900원",공예,달빈
510,공예・바이유어핸즈,야채 수세미를 마음껏 뜨며 코바늘 기초 정복하기,1050,"월 48,501원",공예,바이유어핸즈
511,디지털 드로잉・그림한끼,"면으로 쓱- 완성하는 기법, 면(Plane) 드로잉",1040,"월 41,880원",디지털 드로잉,그림한끼
512,사진/영상・빨간토마토,"월 1,000버는 유튜브로 N잡하기(오직 스마트폰으로)",1041,"월 39,200원",사진/영상,빨간토마토
513,공예・심심품이,"실과 바늘, 천이 들려주는 특별한 아플리케 이야기",1037,"월 39,900원",공예,심심품이
514,요리/음료・미뜰리에,두 배로 맛있는 리얼 화과자 : 알록달록한 상상을 빚어내요!,1031,"월 53,900원",요리/음료,미뜰리에
515,자기계발・김유라,"월 500만원 버는 파이프라인 시스템, 돈과 운을 끌어당기는 선한 부자 프로젝트",1034,"월 25,740원",자기계발,김유라
516,미술・클래스101,[자유이용권] 5가지 클래스로 수채화 마스터하기,1024,"월 43,290원",미술,클래스101
517,디지털 드로잉・todaydaeun,"태블릿으로 기록될 기억의 조각들 - 오늘의 다은, 오늘의 그림 일기",1024,"월 64,567원",디지털 드로잉,todaydaeun
518,공예・포코그란데,"작지만 큰 행복, 대바늘 뜨개로 엮는 유쾌한 인형",1031,"월 54,370원",공예,포코그란데
519,공예・S4E,[S4E]케이크토퍼 & 시트지커팅 _실루엣 스튜디오로 쉽게 디자인하기,1023,"월 48,900원",공예,S4E
520,미술・백초윤,물감의 번짐이 만드는 완벽한 하모니,1024,"월 39,900원",미술,백초윤
521,미술・단하빛,"반짝반짝 보석그리기, 감성 색연필 일러스트",1024,"월 49,900원",미술,단하빛
522,시그니처・김동현,"최고의 한 방, 종합격투기",1015,"월 11,233원",시그니처,김동현
523,라이프 스타일・미스 페니,"작고 소중한 내 잔고, 머니 다이어리로 큰 돈 만들기!",1009,"월 34,912원",라이프 스타일,미스 페니
524,직무・문성후 박사,[PRO 시리즈] 회사에서 살아남는 직장인의 ‘말하기’,994,"월 40,900원",직무,문성후 박사
525,직무・채자영 X 위즈덤하우스,"1,000억원 수주 받은 비밀! 스토리텔링 프레젠테이션의 모든 것",994,"월 38,096원",직무,채자영 X 위즈덤하우스
526,사진/영상・김현중,"새로운 영상의 시작, 모션그래픽 따라잡기",996,"월 45,360원",사진/영상,김현중
527,디자인/개발・디자이너 지인,재미있게 핵심만 쏙쏙! 포토샵 x 일러스트 ,991,"월 39,900원",디자인/개발,디자이너 지인
528,자기계발・마인드파워고수 조성희,"행복한 부자들끼리만 알았던 마인드파워 시크릿, 그들만의 부자 되는 노하우 대공개!",985,"월 94,608원",자기계발,마인드파워고수 조성희
529,EASY DIY・NETI7,DIY 수채물감으로 동양화 컬러링 키트,981,"32,400원",EASY DIY,NETI7
530,미술・Ohj paint 오혁진,알록달록 오일파스텔로 나만의 색감을 찾아보는 시간,973,"월 58,860원",미술,Ohj paint 오혁진
531,미술・hi_fooo,기계의 정교함과 빈티지한 감성까지 담은 American Typewriter 따라쓰기,967,"월 51,900원",미술,hi_fooo
532,부업/창업/재테크・윤정용,사장님이여 회계하라! 자영업자가 생존하는 회계 시스템 만들기,969,"월 34,374원",부업/창업/재테크,윤정용
533,요리/음료・꽁블,꽁블의 전세계 만능소스와 활용 요리,977,"월 72,900원",요리/음료,꽁블
534,직무・김마라,현업 직장인 사수의 찐노하우! 실무에 바로 써먹는 보고서 작성법,966,"월 43,058원",직무,김마라
535,디지털 드로잉・신혜원,아이패드로 쓰고 증강현실로 읽는 그림일기 ,968,"월 42,160원",디지털 드로잉,신혜원
536,디지털 드로잉・귀찮,단순하고 정확하게! 일기 쓰듯 쉽게 기록하는 귀찮의 아이패드 일상 드로잉,967,"월 46,560원",디지털 드로잉,귀찮
537,미술・김창겸,"손끝에 열정을 담아, 펜으로 그리는 앤티크 소품",968,"월 38,900원",미술,김창겸
538,음악・아조이별,"한 줄 한 줄이 주는 포근한 떨림, 작은 악기 우쿨렐레",957,"월 43,740원",음악,아조이별
539,직무・Dave Lee,직장인들을 위한 파이썬 첫걸음부터 풀패키지! 당신의 아이디어를 실현하세요!,951,"월 45,632원",직무,Dave Lee
540,공예・리아나,"조각으로 깨어난 필통 속의 지우개, 지우개 스탬프",940,"월 49,900원",공예,리아나
541,요리/음료・마루에누,상상을 현실로! 도안부터 레시피까지 직접 만드는 커스텀 마카롱,939,"월 42,900원",요리/음료,마루에누
542,디지털 드로잉・난희,만화로 수익 창출까지! 난희의 아이패드로 SNS 웹툰 그려보기,937,"월 46,440원",디지털 드로잉,난희
543,미술・별나라,수채화의 진정한 맛을 느껴보는! 별나라의 아름다운 풍경 수채화 ,936,"월 51,900원",미술,별나라
544,디지털 드로잉・수팡,"소소하지만 확실하게, 이모티콘으로 수익 창출하기",934,"월 34,900원",디지털 드로잉,수팡
545,미술・숩 SOOV,꿈꾸던 이상형을 내 손으로 그려보아요! 나만의 창작캐릭터 그리기,935,"월 42,900원",미술,숩 SOOV
546,라이프 스타일・코리안빌리,처음이어도 좋아. 내 방 침대에 누워 영국 놀러가기,928,"월 21,900원",라이프 스타일,코리안빌리
547,사진/영상・에디터 기은,에디터 기은과 함께 아이패드 '루마퓨전'으로 쉽고 간단하게 나만의 영상 만들기,928,"월 43,200원",사진/영상,에디터 기은
548,직무・Chris,내일 당장 실무에 써먹는 상위 1% 광고인의 PPT 신공,936,"월 43,058원",직무,Chris
549,EASY DIY・해피해피츄,DIY 젤리곰 휴대용 비누 만들기 키트,918,"29,900원",EASY DIY,해피해피츄
550,공예・아이린언니,손으로 꼬물꼬물 위빙으로 갖게된 나만의 시간,924,"월 39,900원",공예,아이린언니
551,라이프 스타일・고막피티 채니쌤,채니쌤의 3개월 단기 홈트레이닝 프로그램 : 셀프 바디 프로필 도전!,914,"월 43,380원",라이프 스타일,고막피티 채니쌤
552,미술・소영,공기처럼 익숙해진 공간에 상상을 입히는 드로잉,915,"월 48,900원",미술,소영
553,부업/창업/재테크・단아쌤,"무자본, 무재고! 하루 30분 쿠팡 파트너스 등 제휴 마케팅으로 돈 버는 법",895,"월 43,058원",부업/창업/재테크,단아쌤
554,공예・니팅테이블,"대바늘로 작은 소품과 아기옷까지, 초보자도 쉽게 완성하기",891,"월 57,900원",공예,니팅테이블
555,자기계발・상처치유 전문가 최희수,"나를 치유하고, 더 나은 부모 되기 - 최희수의  상처받은 내면아이 치유법",893,"월 115,694원",자기계발,상처치유 전문가 최희수
556,디지털 드로잉・달콩,"아이패드 하나로 그려가고 움직여요,  레트로 픽셀아트",888,"월 46,440원",디지털 드로잉,달콩
557,디지털 드로잉・인디고,"환상을 현실로 구체화하는 경험, 인디고의 두 번째 아이패드 드로잉",886,"월 45,900원",디지털 드로잉,인디고
558,직무・밑줄 긋는 카피라이터 이유미,29CM 헤드 카피라이터 출신 이유미의 팔지 않아도 사게 만드는 공감 카피라이팅,885,"월 48,558원",직무,밑줄 긋는 카피라이터 이유미
559,공예・글로우플라워,일상에서 꽃과 함께 하는 생화 라이프 입문하기,884,"월 39,086원",공예,글로우플라워
560,디지털 드로잉・클래스101,[꿀조합 할인🍯] 귀염뽀짝한 굿즈 제작 입문편,880,"월 29,908원",디지털 드로잉,클래스101
561,부업/창업/재테크・머니해커,"자동으로 돈을 버는 프로그램 만들기, 머니해킹",884,"월 72,780원",부업/창업/재테크,머니해커
562,공예・입술,코바늘 하나로 내게 꼭 맞는 드레스 한 벌 완성하기,877,"월 58,988원",공예,입술
563,디자인/개발・클래스101,[꿀조합 할인🍯] 남들과는 다른 유니크한 디지털 작업물,876,"월 28,166원",디자인/개발,클래스101
564,디지털 드로잉・재주,🎁신규혜택🎁 일러스트 재주의 마음을 다해 대충 그리는 이야기,874,"월 40,900원",디지털 드로잉,재주
565,공예・온유,"팔찌, 가방, 홈데코 소품! 비즈로 반짝이는 일상 꾸미기",870,"월 68,900원",공예,온유
566,라이프 스타일・렛츠발레핏 푸름샘,바른 자세와 다이어트를 한번에! 발레 홈트레이닝,866,"월 41,700원",라이프 스타일,렛츠발레핏 푸름샘
567,부업/창업/재테크・코스모지나 ,"프리랜서로 N개의 직업을 가지며, 나만의 수익을 만드는 방법!",865,"월 48,848원",부업/창업/재테크,코스모지나 
568,디지털 드로잉・리니,"꿈꾸는 일상 공간 속의 나, 리니와 기초부터 배우는 아이패드 드로잉",865,"월 50,580원",디지털 드로잉,리니
569,디지털 드로잉・제이,"미국 애니메이션 스타일 캐릭터 일러스트, 디자인부터 완성까지",861,"월 45,900원",디지털 드로잉,제이
570,디자인/개발・뱃지만드는 뱃수,"특별한 핀뱃지 디자인, 3cm 안에 가장 빛나는 가치를 담다.",863,"월 45,900원",디자인/개발,뱃지만드는 뱃수
571,라이프 스타일・김니니,"김니니의 댄스교실, 이제 내 방도 댄스교실이 될 수 있다!",854,"월 42,340원",라이프 스타일,김니니
572,시그니처・보이콜드,보이콜드의 프로듀싱 클래스,855,"월 23,900원",시그니처,보이콜드
573,공예・수노타 프랑스자수,기초부터 입체까지 한번에 배우고 마음껏 활용하는 수노타 프랑스자수,848,"월 71,118원",공예,수노타 프랑스자수
574,라이프 스타일・작가 이윤영(글쓰는한량),20년차 방송작가의 '글 쓰는 게 만만해지는 하루 10분 메모 글쓰기',851,"월 52,984원",라이프 스타일,작가 이윤영(글쓰는한량)
575,부업/창업/재테크・온도남,내 스마트스토어 상품을 해외에 파는 법 : 쇼피파이로 매일 2시간 투자해서 수익 불리기!,838,"월 52,984원",부업/창업/재테크,온도남
576,시그니처・김종관,김종관의 영화 제작 클래스,839,"월 23,500원",시그니처,김종관
577,공예・마크라메 조안나,두 손과 실로 그려가는 마크라메 매듭 악세사리,838,"월 55,900원",공예,마크라메 조안나
578,부업/창업/재테크・장문정,한 시간에 210억 판 남자 장문정의 당장 돈 되는 상품 언어,839,"월 58,498원",부업/창업/재테크,장문정
579,공예・마노공방,"고운 빛깔 인형 한복, 전통 손바느질 기법으로 만들기",833,"월 48,588원",공예,마노공방
580,미술・서윤정,"직접 그리는 감각적인 그림, 서윤정과 함께하는 팝아트",826,"월 48,900원",미술,서윤정
581,미술・YIMNUNU (임누누),일러스트레이터 YIMNUNU의 쉬어가는 수채화,826,"월 46,900원",미술,YIMNUNU (임누누)
582,디지털 드로잉・indi,"매일 조금씩, 단순하지만 재미있게 아이패드 컬러풀 일러스트",823,"월 36,900원",디지털 드로잉,indi
583,요리/음료・지안쌤,"프랑스제과학교 출신 파티쉐가 알려주는, 마카롱의 기본부터 창업까지!",815,"월 58,900원",요리/음료,지안쌤
584,디지털 드로잉・넴넴,"느낌있는 선과 색으로 그려요, 만화와 실사가 공존하는 일러스트",818,"월 46,700원",디지털 드로잉,넴넴
585,공예・로지쏘잉(Rosy),"취향을 담는 시간, 로지의 내츄럴 감성 인형옷 만들기",810,"월 63,900원",공예,로지쏘잉(Rosy)
586,디지털 드로잉・혜강,"타블렛으로 표현하는 색의 번짐, 혜강의 디지털 한국화 그리기",811,"월 48,420원",디지털 드로잉,혜강
587,미술・캘리애,"따뜻한 한 마디를 씁니다, 캘리애의 캘리그라피",804,"월 42,900원",미술,캘리애
588,부업/창업/재테크・윤우맘,"무자본 인스타 마켓 창업, 좋아하는 일 하며 돈 버는 법!",799,"월 50,778원",부업/창업/재테크,윤우맘
589,음악・최제니,아이패드로 홈레코딩 A to Z : 커버영상까지 한번에!,790,"월 43,200원",음악,최제니
590,공예・드로잉엣가든 ,"실크 플라워, 시들지 않는 아름다움을 디자인해요",796,"월 57,900원",공예,드로잉엣가든 
591,음악・그레이스 킴,목 안 아프고 노래하기! 나쁜 노래 습관 고치고 편안하게 노래하는 법,792,"월 41,220원",음악,그레이스 킴
592,시그니처・유빈,유빈의 셀프뷰티 클래스,795,"월 16,650원",시그니처,유빈
593,공예・단디,"만질수록 아름다워지는 전통매듭, 10가지 매듭법으로 엮기",791,"월 55,900원",공예,단디
594,공예・이음마크라메,"마크라메로 만드는 6가지 가방과 소품, 컬러풀한 하루를 엮어요",791,"월 69,900원",공예,이음마크라메
595,공예・프리띵(pretthing),"캔들 고수에게 배우는 엔틱 캔들, 중세 분위기로 집 안을 밝혀요.",791,"월 71,900원",공예,프리띵(pretthing)
596,미술・배성규,"오늘은 그림 그리기 좋은 날, 배성규의 두 번째 마카 드로잉 ",789,"월 65,900원",미술,배성규
597,미술・화원,"오늘의 찬란함을 담아봐요, 화원의 수채화 인물 일러스트",789,"월 58,900원",미술,화원
598,공예・아뜰리에봉수아,"그림을 비누에 담다, 아뜰리에봉수아를 따라 그리는 명작 비누",778,"월 67,900원",공예,아뜰리에봉수아
599,부업/창업/재테크・구스마일,"연봉 1억 유튜버가 도와주는 유튜버 되는 지름길, 채널 생성부터 수익화까지!",778,"월 49,758원",부업/창업/재테크,구스마일
600,미술재료・클래스101,"작고 쉽게 그려요, 수채화 미니 파레트",778,"16,000원",미술재료,클래스101
601,디자인/개발・루움,Framer X로 나를 표현하는 인터렉티브 포트폴리오 웹사이트 만들기,775,"월 44,900원",디자인/개발,루움
602,음악・DINOSOUL,"미디 작곡, 가장 쉽고 빠르게 : 싱어송라이터 디노소울의 큐베이스 클래스",769,"월 46,440원",음악,DINOSOUL
603,부업/창업/재테크・쉐어마스터,"스마트스토어보다 쉬운, 내 집 없이 쉐어하우스 투잡으로 월 200만원 만들기",764,"월 41,044원",부업/창업/재테크,쉐어마스터
604,부업/창업/재테크・친절한 성 기자,"친절한 성 기자에게 배우는 재테크, 6개월 만에 천만 원 만드는 법!",756,"월 52,984원",부업/창업/재테크,친절한 성 기자
605,공예・하이리브레,나를 사랑하는 또 다른 방법. '브라렛' DIY 클래스,761,"월 54,500원",공예,하이리브레
606,공예・돌아뜰리에,"인형옷 작가 정지원과 함께, 사랑스러운 인형옷 쉽게 만들기",761,"월 74,900원",공예,돌아뜰리에
607,라이프 스타일・하미나 작가,매력적인 글이란 무엇일까? 독자를 설득하는 글쓰기,750,"월 35,400원",라이프 스타일,하미나 작가
608,부업/창업/재테크・무역공주,무역공주 서이랑과 함께하는 알리바바로 40억 벌기,756,"월 52,984원",부업/창업/재테크,무역공주
609,공예・Studio Riposo,나만의 색감과 디자인으로 완성하는 아크릴 공예의 모든것! 컷팅부터 염색까지,749,"월 69,233원",공예,Studio Riposo
610,시그니처・박준우,박준우의 홈 파티 요리 클래스,750,"월 23,300원",시그니처,박준우
611,요리/음료・클래스101,[꿀조합 할인🍯] 눈과 입이 모두 황홀한 디저트 베이킹 입문,745,"월 48,429원",요리/음료,클래스101
612,디지털 드로잉・안쇰,한 겹씩 쌓아가며 나만의 공간을 그려보는 아이패드 드로잉,740,"월 46,440원",디지털 드로잉,안쇰
613,디자인/개발・켄지,포토샵하나로 아트워크에서 브랜딩디자인 까지 ,736,"월 41,340원",디자인/개발,켄지
614,미술・루시드로잉,"겹겹이 쌓인 시간의 발자국까지, 펜으로 그리는 건축드로잉",734,"월 46,900원",미술,루시드로잉
615,공예・달보라,귀여우니까 달콤한 옷 : 달보라의 워드로브,732,"월 68,900원",공예,달보라
616,미술・보람,연필과 종이로 만들어내는 상상 가득한 동화 일러스트 ,729,"월 42,900원",미술,보람
617,부업/창업/재테크・레나,"네일아트 기초부터 창업까지, 레나의 네일 인생 길라잡이",727,"월 82,848원",부업/창업/재테크,레나
618,공예・유니유노,"은과 진주로 엮는 9가지 감성 주얼리, 매일의 나에게 선물해요.",724,"월 78,900원",공예,유니유노
619,공예・수노리,다양한 자수 기법을 한번에! 이야기가 있는 수노리 자수,713,"월 52,900원",공예,수노리
620,디지털 드로잉・클래스101,[자유이용권] 3가지 클래스로 태블릿 즐기기,702,"월 37,500원",디지털 드로잉,클래스101
621,부업/창업/재테크・JM Studio Live,SM엔터테인먼트 전속 작곡가가 알려주는 프로 작곡가가 되는 법,695,"월 63,322원",부업/창업/재테크,JM Studio Live
622,공예・수아레벌룬,"꽃다발부터 헬륨까지, 투잡러 직장인에게 배우는 레터링 꽃풍선의 모든 것!",698,"월 64,900원",공예,수아레벌룬
623,부업/창업/재테크・마브사끼,"마브사끼의 상품 하나로 스마트스토어 월 1,000만원 만들기",701,"월 77,392원",부업/창업/재테크,마브사끼
624,미술・백초윤,한 걸음 더 흠뻑 빠져보는 초중급 수채화,692,"월 52,900원",미술,백초윤
625,음악・해성쌤,"기타를  전혀 모르는 왕초보도 기타를 연주할 수 있게 되는 ""해성쌤의 베이직 통기타 수업""",692,"월 45,360원",음악,해성쌤
626,공예・안상희인형한복,"패턴부터 봉제까지, 꽃처럼 피어나는 인형한복 만들기",686,"월 59,916원",공예,안상희인형한복
627,디자인/개발・포그보우,잠들어 있던 사진첩 속 사진들로 나만의 굿즈를 만들어봐요,686,"월 40,220원",디자인/개발,포그보우
628,직무・DS School,[취업 연계] 데이터 분석가 양성 과정 5기,683,"월 66,000원",직무,DS School
629,직무・덕수,"누적 수강생 3,000명 만족! 슬기로운 생존엑셀!! 가장 빠르고 쉽게, 그리고 확실하게 ",683,"월 28,814원",직무,덕수
630,디지털 드로잉・클래스101,반지수BEST 1+1 디지털 드로잉 끝내기,681,"월 40,741원",디지털 드로잉,클래스101
631,디지털 드로잉・신모래,증강현실로 만나는 신모래의 디지털드로잉 ,676,"월 46,440원",디지털 드로잉,신모래
632,공예・지니다293,향기도 패션이다! 감각적인 조향으로 나만의 향기 찾기,671,"월 78,900원",공예,지니다293
633,미술・나나,"스케치북 한 권에 담는 풍경, 나나의 수채화 어반 스케치",675,"월 57,100원",미술,나나
634,공예・녹챠방,"25종의 부자재 활용법으로, 나의 분위기를 담은 주얼리 제작하기",670,"월 49,900원",공예,녹챠방
635,공예・빈즈치치,한 땀 한 땀 프랑스자수로 그리는 일상의 작은 쉼표,676,"월 59,072원",공예,빈즈치치
636,EASY DIY・취미상점,DIY 드로잉메리 썸머 아크릴 컬러링 키트,668,"40,000원",EASY DIY,취미상점
637,공예・리오니 크래프트(민들레),특별한 도안으로 나만의 꽃밭을 만드는 페이퍼 아트,670,"월 52,720원",공예,리오니 크래프트(민들레)
638,미술・쟝몽,"노트 한편의 영어 글귀를 나만의 작품으로, 쟝몽의 고딕 영문 캘리그라피",663,"월 59,900원",미술,쟝몽
639,디지털 드로잉・인공,"내가 그리고, 네가 간직할 인공의 아이패드 드로잉",660,"월 45,880원",디지털 드로잉,인공
640,공예・달고냥이,"투명한 세상에 반짝이는 환상을 입히다, 이야기를 담는 레진아트",659,"월 72,900원",공예,달고냥이
641,디자인/개발・박진수 (테루),"감정과 분위기를 담아내는 영상편집, 손쉽게 시작하는 모션그래픽",661,"월 44,280원",디자인/개발,박진수 (테루)
642,디지털 드로잉・클래스101,[꿀조합 할인🍯] 애니메이션 느낌의 일러스트 입문편,665,"월 31,416원",디지털 드로잉,클래스101
643,라이프 스타일・김민주,"꾸준함이 어려운 당신을 위해, 든든한 글쓰기 러닝메이트",660,"월 38,900원",라이프 스타일,김민주
644,EASY DIY・조이라탄,DIY 라탄 티코스터 A/B 키트,657,"18,600원",EASY DIY,조이라탄
645,디지털기기/ACC・클래스101,"CUBASE 부터, 홈레코딩의 완성 리플렉션 필터까지 ",643,"월 23,980원",디지털기기/ACC,클래스101
646,EASY DIY・해피해피츄,DIY 탄생석 수제 보석비누 키트,639,"32,900원",EASY DIY,해피해피츄
647,요리/음료・Nana,"[MINI] 달콤하고 부드러운 휴식, 노오븐 세 가지 맛 티라미수",637,"월 32,900원",요리/음료,Nana
648,부업/창업/재테크・히든셀러,"온라인 스토어 사업화, 초보 티를 벗어나 연 매출 10억 이상으로!",630,"월 49,676원",부업/창업/재테크,히든셀러
649,공예・리가든,색 감각을 틔우는 건강한 천연 비누 제작 레시피,627,"월 55,900원",공예,리가든
650,부업/창업/재테크・소사장소피아,"여러분들의 재테크 목표 달성, 10년을 앞당겨 드리겠습니다. ",629,"월 69,800원",부업/창업/재테크,소사장소피아
651,미술・봄봄캘리,"그날의 온도를 기록하는 법, 여행 드로잉 수채화와 캘리그라피",633,"월 49,900원",미술,봄봄캘리
652,라이프 스타일・해동,"명리학 입문, 자연에서 최선의 선택을 배우다.",627,"월 46,900원",라이프 스타일,해동
653,디자인/개발・클래스101,"[성공하기] 팀플에서 성공하기 - ppt, 포토샵, 일러를 한방에!",628,"월 64,837원",디자인/개발,클래스101
654,"라이프 스타일・또치쌤, 정현주",산후맘을 위한 '리턴 바디 필라테스',626,"월 37,920원",라이프 스타일,"또치쌤, 정현주"
655,미술・클래스101,[꿀조합 할인🍯] 연필로만 끝내는 분위기 있는 얼굴 일러스트 ,625,"월 38,000원",미술,클래스101
656,디지털 드로잉・신기루,"행복했던 기억을 오랫동안 간직하고 싶다면, 신기루의 아이패드 드로잉",619,"월 44,280원",디지털 드로잉,신기루
657,EASY DIY・허바솝,DIY 촉촉 립밤 키트(5개 완성),619,"17,900원",EASY DIY,허바솝
658,부업/창업/재테크・정찬영,"장사와 사업을 꿈꾸거나, 종사하는 사람에게 벌어지는 꼭 필요한 공식",609,"월 52,984원",부업/창업/재테크,정찬영
659,EASY DIY・허니멜로공방,DIY 코바늘 식빵 수세미 키트,618,"13,900원",EASY DIY,허니멜로공방
660,미술・지니,수채화로 쉽게 그리는 동글동글 멍냥이 수채화,613,"월 52,900원",미술,지니
661,디자인/개발・클래스101,"[꿀조합 할인🍯] 더 완벽한 디자인을 향해, 포스터 제작과 레터링",605,"월 23,600원",디자인/개발,클래스101
662,운동・배지타,유산소부터 근력까지 한번에! 배지타와 즐겁게 '슬림탄탄 바디' 만들기,609,"월 33,900원",운동,배지타
663,미술・클래스101,[꿀조합 할인🍯] 후회 없는 마카 드로잉 입문편,609,"월 44,712원",미술,클래스101
664,디지털 드로잉・저녁,"감각적인 정물화, 이젠 아이패드로 그려요! ",608,"월 39,900원",디지털 드로잉,저녁
665,미술・유리쌤,"오프라인 전타임마감 유리쌤의 입문자를 위한 오일파스텔, 풍경부터 인물까지!",606,"월 60,900원",미술,유리쌤
666,공예・휴소이,"풍선 안에 꽃이 쏘옥, 레터링 꽃풍선 만들기",599,"월 60,894원",공예,휴소이
667,사진/영상・Mild.moon,빛이라는 물감으로 쉽고 다양하게 찍는 인물사진,598,"월 47,340원",사진/영상,Mild.moon
668,공예・서진,"똑똑, 수세미 맛집에 놀러왔어요! 서진의 코바늘 수세미/병솔 수업",589,"월 46,168원",공예,서진
669,EASY DIY・해피해피츄,DIY 플라워 석고 타블렛 방향제 키트,589,"32,900원",EASY DIY,해피해피츄
670,공예・에포트레스 크로쉐,"경쾌한 색감과 갖고 싶은 디자인, 아프간 뜨개 가방 제작법",595,"월 74,900원",공예,에포트레스 크로쉐
671,공예・라미엔느,"특별한 순간을 위해, 프리저브드 플라워 아트",596,"월 44,528원",공예,라미엔느
672,직무・클래스101,"초년생의 1년 패키지, 평생 써먹는 일잘러의 모든 것",585,"월 40,450원",직무,클래스101
673,부업/창업/재테크・조니티비," 나만의 의류 브랜드! 디자인부터 유통, 마케팅까지",587,"월 46,366원",부업/창업/재테크,조니티비
674,디지털 드로잉・클래스101,BEST 아이패드 클래스7 자유이용권 ,579,"월 62,989원",디지털 드로잉,클래스101
675,사진/영상・JAY(제이),여행 크리에이터 JAY의 촬영&편집부터 인스타그램 마케팅까지,572,"월 45,900원",사진/영상,JAY(제이)
676,음악・B SIDE,음악 감독이 알려주는 피아노로 영상 음악 작곡하기,576,"월 45,360원",음악,B SIDE
677,EASY DIY・해피해피츄,DIY 꼬마 공룡 휴대용 비누 키트,565,"29,900원",EASY DIY,해피해피츄
678,미술・설찌,"소소하지만 행복하게, 설찌의 색연필 일러스트",571,"월 51,900원",미술,설찌
679,직무・슬기컨설팅 이슬기,현직 컨설턴트가 알려주는 확실한 '퍼스널 컬러 컨설팅' 강좌,565,"월 52,560원",직무,슬기컨설팅 이슬기
680,공예・랄라쌤,"취미에서 소자본 창업까지! 3개월 지속도 끄떡없는 레터링, 꽃 풍선 만들기",563,"월 63,900원",공예,랄라쌤
681,공예・꼼지락걸,코바늘 하나로 세상 모든 모양을! 꼼지락걸을 따라 수세미 뜨기,567,"월 51,512원",공예,꼼지락걸
682,공예・BTASTE,"내 취향에 맞추어, 멋지게 완성하는 6가지 가죽 소품",570,"월 65,750원",공예,BTASTE
683,공예・가또블랑코x고양이대통령,"공존을 위한 첫걸음, 직접 만드는 길고양이 급식소",561,"월 40,000원",공예,가또블랑코x고양이대통령
684,부업/창업/재테크・대한팀장,스타트업 투자로 재테크하라! 10배 수익 내는 비상장 주식 투자,556,"월 45,632원",부업/창업/재테크,대한팀장
685,라이프 스타일・춤추는 선진이,"춤추는선진이의 신나는 현대무용 클래스, 누구나 춤꾼이 될 수 있는 댄스교실!",553,"월 33,380원",라이프 스타일,춤추는 선진이
686,부업/창업/재테크・절대수익 이재웅,"처음 하는 주식 투자, 연 20% 수익 내는 법",550,"월 52,984원",부업/창업/재테크,절대수익 이재웅
687,디자인/개발・마자린,"한 손에 쏙, 마음에 쏙. 지브러쉬로 완성하는 나만의 작은 인형!",541,"월 59,554원",디자인/개발,마자린
688,미술・클래스101,"[꿀조합 할인🍯] 펜크래프트의 한글 정자체부터 영문 필기체까지, 글씨 끝내기",544,"월 36,673원",미술,클래스101
689,사진/영상・체리퀸,10분 촬영하고 30분 편집하면 끝! 스마트폰 하나로 돈 되는 영상 만들기,528,"월 27,980원",사진/영상,체리퀸
690,미술・온,"컬러의 숲으로 놀러오세요, 온 작가의 플러스펜 수채화",536,"월 52,302원",미술,온
691,미술재료・클래스101,시넬리에 오일파스텔 ~25% + 오일파스텔 꿀조합 클래스 30% 할인! ,533,"월 31,000원",미술재료,클래스101
692,공예・제주담다,"크고 아름다운 꽃, 하늘하늘 패브릭 자이언트 플라워",532,"월 53,900원",공예,제주담다
693,공예・아름다운 그녀,"엄마와 딸, 아름다운 생활 한복 철릭 원피스 만들기",532,"월 67,970원",공예,아름다운 그녀
694,라이프 스타일・리나&미루,육아맘도 OK ! 삶이 건강해지는 습관 다이어트,529,"월 42,900원",라이프 스타일,리나&미루
695,공예・하민하준맘,"언제 들어도 참 괜찮은, 하민하준맘의 코바늘 가방 만들기",531,"월 60,900원",공예,하민하준맘
696,공예・미띠뽀,"특별한 향, 나만의 색감으로 그려내는 오브제 캔들",531,"월 86,900원",공예,미띠뽀
697,공예・orzr(아라),"가벼운 걸음처럼, 매일 함께할 리넨 가방 만들기",520,"월 69,900원",공예,orzr(아라)
698,음악・서울스트링아카데미,누구나 쉽게 시작할 수 있어요! 바이올린과 친구되기,515,"월 39,865원",음악,서울스트링아카데미
699,EASY DIY・쌀이공방,DIY 반려견 니들펠트 키트(흰둥이ver.),513,"27,000원",EASY DIY,쌀이공방
700,시그니처・묘정,묘정의 옴브레 염색 클래스,510,"월 27,450원",시그니처,묘정
701,EASY DIY・해피해피츄,DIY 거품목욕 캐릭터 버블바 키트,514,"28,900원",EASY DIY,해피해피츄
702,디지털 드로잉・오뉴글씨,귀여운 게 좋아! 오뉴글씨의 아이패드 캘리드로잉,506,"월 35,900원",디지털 드로잉,오뉴글씨
703,미술・영아트,"마음으로 번지는 물빛, 수채화로 그리는 아련한 보태니컬 아트",513,"월 50,900원",미술,영아트
704,미술・프리다,프리다와 함께 그리는 몽글몽글 파스텔톤의 일상 수채화,509,"월 53,120원",미술,프리다
705,공예・아포코팡파레 김성미,손뜨개에 센스 한 스푼! 코바늘로 만드는 트렌디한 패션 아이템,501,"월 77,974원",공예,아포코팡파레 김성미
706,사진/영상・클래스101,[꿀조합 할인🍯] 기억보다 더 선명한 추억. 영화같은 여행 영상 완벽 입문,500,"월 25,108원",사진/영상,클래스101
707,공예・LEEHOZE,17년차 디자이너에게 배우는 가죽 가방 디자인의 모든 것,493,"월 72,300원",공예,LEEHOZE
708,공예・해밍,"욕실 안의 작은 오브제, 사막과 북극을 담은 비누 만들기",496,"월 55,900원",공예,해밍
709,굿즈・김이영,김이영 크리에이터가 직접 만든 프로크리에이트 브러시 15종 세트,497,"23,500원",굿즈,김이영
710,미술・펜크래프트,"사각사각, 펜크래프트의 유려한 한글 흘림체 펜글씨",493,"월 48,900원",미술,펜크래프트
711,디자인/개발・클래스101,[꿀조합 할인🍯] 실무에 바로 활용하는 레터링 입문 코스,488,"월 25,258원",디자인/개발,클래스101
712,공예・은긍,"나의 분위기를 담아 매일 조금씩, 뜨개옷 떠내려가기",492,"월 60,330원",공예,은긍
713,디자인/개발・클래스101,"[꿀조합 할인🍯] 유튜브 입문편. 영상 기획, 제작, 편집과 채널 키우기.",495,"월 19,108원",디자인/개발,클래스101
714,디자인/개발・제성원 디자이너,"내가 좋아하는 연예인, 모션그래픽 디자인으로 덕질해보자!",493,"월 36,900원",디자인/개발,제성원 디자이너
715,미술・베오,"내 방 안의 작은 화실, 유화의 로망을 현실로!",487,"월 64,900원",미술,베오
716,음악・톤톤,"작은 엄지 피아노, 칼림바로 연주하고 편곡하는 세상의 모든 음악!",488,"월 40,200원",음악,톤톤
717,디자인/개발・클래스101,"[꿀조합 할인🍯] 사진 기본기 잡기. 기초이론, 촬영, 구도, 라이트룸 보정까지",482,"월 29,824원",디자인/개발,클래스101
718,디자인/개발・스튜디오 지니크,드로잉부터 패턴디자인까지 포토샵 하나로 올킬!,477,"월 46,900원",디자인/개발,스튜디오 지니크
719,디지털 드로잉・캘리스마인드(캘마),아이패드로 영문 레터링 해볼래?,474,"월 47,140원",디지털 드로잉,캘리스마인드(캘마)
720,공예・모노룸,"일상에 ‘나의 향’ 으로 스며들 감성, 직접 찾고 만드는 7가지 향제품",474,"월 67,900원",공예,모노룸
721,공예・파운드 솝,디자인에 반하고 촉촉함에 빠져드는 파운드솝의 베이커리 비누,467,"월 53,298원",공예,파운드 솝
722,공예・다가온 매듭,"전통 매듭으로 힙하게! 기초와 생활 소품, 한복 노리개까지",466,"월 49,900원",공예,다가온 매듭
723,공예・유제이,코바늘로 만나는 귀염뽀짝 나무 인형 에어팟 케이스 만들기,460,"57,000원",공예,유제이
724,굿즈・둡,둡의 몽환적이고 영롱한 일러스트를 내 손 안에 ,450,"11,000원",굿즈,둡
725,미술・MIA(미아),일러스트레이터 미아의 섬세하게 그리는 작고 예쁜 보태니컬 수채화,449,"월 50,160원",미술,MIA(미아)
726,사진/영상・김휘근필름,"독보적인 1인 제작 시스템 , 김휘근 감독의 ""영화 제작 클래스"" ",443,"월 63,322원",사진/영상,김휘근필름
727,디지털 드로잉・최향미,"페이퍼 커팅, 아이패드로 그리고 종이를 오려 만드는 한 조각의 휴식",442,"월 48,900원",디지털 드로잉,최향미
728,미술・라마캘리,글씨로 세상에 당신의 흔적을 남기세요. 라마의 붓펜 캘리그래피,445,"월 51,900원",미술,라마캘리
729,미술・단비스윗레인,"화려한 글씨, 단비의 스펜서리언 영문 캘리그라피",450,"월 60,900원",미술,단비스윗레인
730,공예재료・올라라탄,롤 티슈 커버 만들기 DIY KIT,445,"22,900원",공예재료,올라라탄
731,악기/음악・클래스101,"크리에이터가 선택한 루아우/네코즈 칼림바 4종, 최대 22%할인",443,"35,000원",악기/음악,클래스101
732,EASY DIY・버드인페이지,"DIY 직접하는 헤나 타투, 셀프 헤나 가이드 키트",441,"29,500원",EASY DIY,버드인페이지
733,미술・캘리 수,"수채화로 물들이는 나만의 캘리그라피, 캘리 수와 차근차근 함께해요.",436,"월 43,774원",미술,캘리 수
734,미술・캘리애,[MINI] 특별한 날엔 특별한 글씨를! 기본으로 배우는 캘리애의 캘리그라피,437,"월 26,936원",미술,캘리애
735,직무・애자일 코치 김창준,대화는 과학이다! 김창준의 정보 수집 대화법,430,"월 43,058원",직무,애자일 코치 김창준
736,요리/음료・맛차차,"우리 집 한 칸 다실, 일상에 영감을 전하는 차 한 모금",437,"월 45,900원",요리/음료,맛차차
737,공예・삭,"특별한 식물, 잔잔한 감성의 이끼 공예로 집안에 가꾸는 작은 정원",428,"월 74,728원",공예,삭
738,공예・손미경(더스티치),씨실과 날실을 엮어 만드는 위빙아트로 우리집 인테리어 완성하기,425,"월 59,395원",공예,손미경(더스티치)
739,공예재료・클래스101,룹이 추천하는 사랑스런 색조합의 양말뜨기 실 SET,427,"15,000원",공예재료,클래스101
740,미술・여백,"흑과 백, 4가지 색연필로 정확하게 그리는 인물화 입문",419,"월 43,670원",미술,여백
741,라이프 스타일・저스트절크,저스트절크의 댄스 클래스,424,"월 23,550원",라이프 스타일,저스트절크
742,미술・비유,따뜻함을 담아낸 나만의 수제 종이로 만드는 콜라주 아트,413,"월 58,900원",미술,비유
743,운동・황아영 ,요가여신 황아영의 홈트레이닝 '타우플로우 요가 (Tao Flow Yoga)',414,"월 38,900원",운동,황아영 
744,부업/창업/재테크・다퍼주는남자,네이버 블로그 체험단 수익 1억 만들기,407,"월 49,520원",부업/창업/재테크,다퍼주는남자
745,공예・오키프,"[꿀조합 할인🍯] 깨끗한 하루의 시작과 끝을 위해, 천연비누 기초부터 중급 디자인까지",411,"월 51,666원",공예,오키프
746,공예・페이퍼 아티스트 사랑,주름지로 풍성하게 꽃 피우는 자이언트 플라워,411,"월 49,900원",공예,페이퍼 아티스트 사랑
747,디지털기기/ACC・클래스101,감성 가득 빈티지 필름 카메라 6종,407,"월 10,420원",디지털기기/ACC,클래스101
748,디지털 드로잉・클래스101,"[꿀조합 할인🍯] 아이패드 하나로, 손그림부터 텍스처까지 정복하기",408,"월 30,241원",디지털 드로잉,클래스101
749,디지털 드로잉・성연성,삶의 디테일을 담은 아이패드 드로잉! 저와 함께 자신의 로망을 그려보실래요?,400,"월 49,500원",디지털 드로잉,성연성
750,공예・ 포쉐뜨,"실과 패브릭으로 그리는 그림, 포쉐뜨의 드로잉 소품 클래스",398,"월 59,900원",공예, 포쉐뜨
751,미술・클래스101,"[꿀조합 할인🍯] 한글 정자체와 손글씨의 조화, 바른 글씨로 마음을 담은 필사하기",395,"월 35,839원",미술,클래스101
752,요리/음료・클래스101,[꿀조합 할인🍯] 오늘은 내가 요리사! 한식부터 전세계 가정식까지 쿠킹 입문,397,"월 32,833원",요리/음료,클래스101
753,음악・히스 (Hiss),아시아 비트박스 챔피언에게 비트박스 배우기,393,"월 43,200원",음악,히스 (Hiss)
754,미술・카페속의미술관,"맛있는 그림 초크아트, 오일파스텔로 생동감 있게 그리기",391,"월 64,900원",미술,카페속의미술관
755,부업/창업/재테크・단희쌤,"임대 소득을 만들어 확실하게 은퇴, 노후를 준비하는 부동산 재테크!",389,"월 129,558원",부업/창업/재테크,단희쌤
756,미술・클래스101,"[꿀조합 할인🍯] 정교하게 그려내고 채색까지 끝내기, 펜드로잉 입문편",383,"월 47,353원",미술,클래스101
757,미술・클래스101,[꿀조합 할인🍯] 아날로그와 디지털의 하모니. 일러스트 드로잉 베스트 모음,380,"월 46,333원",미술,클래스101
758,부업/창업/재테크・완판언니,8조 규모의 <온라인 쇼핑몰>시장 에서 1등 되는 법!,378,"월 47,520원",부업/창업/재테크,완판언니
759,미술・bynaeng,[MINI] 일상을 특별하게 만들어 주는 사랑스러운 색연필 그림,372,"월 25,686원",미술,bynaeng
760,공예・쏘유 Sewing Union,"직접 만드는 휴식 같은 옷, 리넨셔츠에서 사계절  잠옷까지 ",373,"월 62,900원",공예,쏘유 Sewing Union
761,미술・초롱 chorong,"유화와 친해지는 시간, 꾸덕꾸덕한 감각적인 유화 그림 그리기",375,"월 52,900원",미술,초롱 chorong
762,부업/창업/재테크・창플,망하지 않는 창업! 예비창업자를 위한 내 가게 준비의 모든 것,378,"월 52,984원",부업/창업/재테크,창플
763,굿즈・클래스101,인기 크리에이터 시은맘 작은친구들 DIY 키트,376,"31,900원",굿즈,클래스101
764,요리/음료・엘코,맥주 전문가와 함께하는 다채로운 맥주 취향 찾기!,371,"월 43,200원",요리/음료,엘코
765,커리어・로켓펀치,"101원에 배워요! 사무실 없는 회사, 로켓펀치가 알려주는 원격 근무 잘 하는 법",370,101원,커리어,로켓펀치
766,사진/영상・클래스101,[꿀조합 할인🍯] 일상 더 생생히 기록하기. 사진부터 일상 브이로그 제작까지,368,"월 33,250원",사진/영상,클래스101
767,미술・코튼클래스,"[MINI] 오늘 떠서 내일 선물하는, 2가지 대바늘 아이템",375,"월 29,960원",미술,코튼클래스
768,공예・띠부,"유튜버 띠부와 함께, 폴리머클레이로 만드는 나만의 피규어 세상",370,"월 36,220원",공예,띠부
769,굿즈・바이브리(byBri),플러피돌 코바늘 DIY KIT,360,"36,000원",굿즈,바이브리(byBri)
770,EASY DIY・소소한날,DIY 소소한날 면 마스크 만들기 키트,354,"22,900원",EASY DIY,소소한날
771,공예・갓구은,"쉽게 배우는 은점토공예, 나만의 실버주얼리 만들기",357,"월 74,900원",공예,갓구은
772,공예・바이브리(byBri),[꿀조합 할인🍯] 바이브리를 따라 시작하는 코바늘 인형 입문~중급 코스,343,"월 47,068원",공예,바이브리(byBri)
773,공예・르퀸즈,"내 손으로 직접 만든 가죽 인형신발, 내 인형에게 선물해요.",345,"월 55,308원",공예,르퀸즈
774,요리/음료・커피제이,마시면서 배우는 특별한 커피수업! 스페셜티 커피 테이스팅,339,"월 63,900원",요리/음료,커피제이
775,요리/음료・르네초콜릿,쇼콜라티에의 노하우를 가득 담은 달콤한 수제 초콜릿 만들기,341,"월 39,340원",요리/음료,르네초콜릿
776,문구/도서・지니아트,책 <매일 아침 또박또박 손글씨> + 펜 4종 추천,342,"11,700원",문구/도서,지니아트
777,사진/영상・클래스101,[꿀조합 할인🍯] 여행 더 생생히 기록하기. 사진부터 여행 영상 제작까지,332,"월 25,950원",사진/영상,클래스101
778,공예・오레오레,일상의 모든 것이 재료가 되는 리사이클링 북바인딩,335,"월 54,740원",공예,오레오레
779,공예・무아랩 ,"[MINI] 드라이플라워 리스, 가장 아름다웠던 순간의 기억",324,"월 25,260원",공예,무아랩 
780,디지털기기/ACC・클래스101,아이패드 드로잉 악세사리 ,323,"26,000원",디지털기기/ACC,클래스101
781,미술재료・클래스101,파버카스텔 수채 마카 20% + 꿀조합 마카 클래스 24% 할인,324,"월 16,000원",미술재료,클래스101
782,사진/영상・고연희,"돈 되는 음식 사진, 소박한 집밥으로 가능해요",314,"월 56,240원",사진/영상,고연희
783,요리/음료・먼지언니,사랑하는 반려견과 오래오래 행복해지는 강아지 수제간식의 모든것,317,"월 53,900원",요리/음료,먼지언니
784,미술・민화화실bliss,"현대적인 민화, 화선지에 퍼지는 물감을 보며 마음을 다스리는 시간",317,"월 64,900원",미술,민화화실bliss
785,라이프 스타일・최은하X위즈덤하우스,"집에서 셀프 건강관리, 이어테라피 입문",306,"월 52,900원",라이프 스타일,최은하X위즈덤하우스
786,미술재료・클래스101,어떤 오일파스텔이 좋을까? 브랜드별 오일파스텔 키트 3종,318,"41,000원",미술재료,클래스101
787,미술・엘,마음이 따뜻해지는 작고 소중한 그림 선물,314,"월 53,900원",미술,엘
788,EASY DIY・취미상점,DIY 드로잉메리 피플 아크릴 컬러링 키트,307,"38,000원",EASY DIY,취미상점
789,공예・애기할멈,금사로 보석같은 알파벳 자수와 자수 티매트 만들기,305,"월 50,980원",공예,애기할멈
790,부업/창업/재테크・시그니처투자,"글로벌 주식 투자 - 앞서가는 부자가 되는, 가장 효율적 방법",313,"월 56,280원",부업/창업/재테크,시그니처투자
791,EASY DIY・허바솝,DIY 배쓰밤 입욕제 키트(7개 완성),311,"28,000원",EASY DIY,허바솝
792,공예・더베러라이프,"분위기를 반전시키는 빛, 더베러라이프의 네온공예. 민간자격증 취득까지",302,"월 64,900원",공예,더베러라이프
793,공예・오즈라탄,손바닥 위 라탄 바구니 : 오즈의 인형 라탄 소품 만들기,302,"월 58,900원",공예,오즈라탄
794,미술・그림그리는맘,"색연필로 보태니컬 아트, 나만의 정원을 꾸며 보아요",294,"월 46,505원",미술,그림그리는맘
795,직무・한큐,[취업 연계] JAVA 웹 개발자 양성 과정 5기,292,"월 185,000원",직무,한큐
796,음악・대금이누나,"심금을 울리는 대금연주, 대금이누나와 함께해요",289,"월 36,200원",음악,대금이누나
797,EASY DIY・해피해피츄,DIY 마카롱 석고방향제 키트,284,"32,900원",EASY DIY,해피해피츄
798,요리/음료・초이,일본 요리학교 출신에게 배우는 일본 가정식.  일상의 반찬부터 손님접대 요리까지 ,291,"월 54,900원",요리/음료,초이
799,디지털 드로잉・ernho,"말랑말랑한 선으로 기억하는 여행의 추억, ernho의 신나는 아이패드 드로잉",281,"월 37,900원",디지털 드로잉,ernho
800,라이프 스타일・웰빙밴드,내 몸 청소를 위한 림프순환운동법,291,"월 37,900원",라이프 스타일,웰빙밴드
801,디자인/개발・레트로캣,"점으로 만든 세상, 픽셀아트의 세계로 초대합니다",286,"월 39,900원",디자인/개발,레트로캣
802,미술・스타빌로 STABILO,101원에 배워요! 일러스트레이터 이공이 알려주는 스타빌로 펜으로 다이어리 꾸미기,288,101원,미술,스타빌로 STABILO
803,굿즈・클래스101,시은맘 3탄 아수파우 DIY 키트+함께 사면 추가 할인!,278,"36,000원",굿즈,클래스101
804,미술・클래스101,[꿀조합 할인🍯] 발걸음이 닿는 모든 곳이 그림이다. 어반스케치 입문편,279,"월 33,876원",미술,클래스101
805,라이프 스타일・바둑태세,"고요한 수의 전쟁, 취미로 즐기는 바둑의 세계",274,"월 45,074원",라이프 스타일,바둑태세
806,라이프 스타일・천시아(天侍兒),꿀잠 잔 적이 언제야? 나의 숨은 긴장 해소를 위한 싱잉볼 명상,277,"월 44,280원",라이프 스타일,천시아(天侍兒)
807,굿즈・오키프,포근함을 선사하는 천연 비누,271,"9,900원",굿즈,오키프
808,라이프 스타일・윤김지영,페미니스트 철학자 윤김지영의 페미니즘 입문,265,"월 45,600원",라이프 스타일,윤김지영
809,부업/창업/재테크・하우스티칭,2030 직장인 내 집 마련을 위한 부동산 포트폴리오! 태유정의 하우스티칭 클래스,267,"월 47,520원",부업/창업/재테크,하우스티칭
810,시그니처・이원일,이원일의 오늘 반찬 클래스,259,"월 19,800원",시그니처,이원일
811,EASY DIY・아포코팡파레,DIY 데이지 자수 메시 파우치백 키트,269,"35,000원",EASY DIY,아포코팡파레
812,EASY DIY・고니네미,DIY 유리병 이끼 테라리움 만들기 키트,261,"29,500원",EASY DIY,고니네미
813,공예・소호연,"부드러운 패브릭으로, 전통과 캐주얼을 더해 완성하는 선물 포장",261,"월 57,900원",공예,소호연
814,공예・로보트리,"""로봇은 어떻게 움직여요?"" 아이 질문에 페이퍼토이로 답해주기",256,"월 45,900원",공예,로보트리
815,EASY DIY・해피해피츄,DIY 화과자 천연비누 키트,261,"32,900원",EASY DIY,해피해피츄
816,부업/창업/재테크・장사 권프로,동네 장사로 살아남기 위한 특별한 전략!,255,"월 45,632원",부업/창업/재테크,장사 권프로
817,EASY DIY・허니멜로공방,DIY 코바늘 달걀후라이 수세미 키트,261,"13,900원",EASY DIY,허니멜로공방
818,미술・Chany,펜과 색연필로 표현하는 나만의 감성적인  패션 일러스트,255,"월 38,900원",미술,Chany
819,사진/영상・클래스101,[성공하기] 유튜브에서 성공하기 - 올해는 꼭 유튜버의 꿈을!,256,"월 84,141원",사진/영상,클래스101
820,EASY DIY・해피해피츄,DIY 천연 샴푸바 만들기 키트,254,"42,000원",EASY DIY,해피해피츄
821,공예・키다리대나무,더 크게 엮는 라탄 소품과 가구로 나의 일상을 채워봐요,257,"월 72,830원",공예,키다리대나무
822,공예・블랙탄,내 손으로 수제화 장인처럼! 나만의 가죽 슬리퍼 만들기,257,"월 73,900원",공예,블랙탄
823,공예・톤바이림,벌집에서 추출한 100% 천연왁스로 ‘밀랍 꽃’ 만들기,248,"월 56,939원",공예,톤바이림
824,라이프 스타일・디센터,세상에 없던 타로 혁명! 비욘드 타로 텔링,246,"월 43,500원",라이프 스타일,디센터
825,공예・핑키미아,"처음이어도 쉽게, 니팅룸을 이용해 다양한 뜨개 소품 만들기",251,"월 60,900원",공예,핑키미아
826,라이프 스타일・클래스101,크리에이터 가이드 : 당신도 몰랐던 당신의 가치를 발견하다,250,101원,라이프 스타일,클래스101
827,굿즈・블뤼떼 BLUTE,블뤼떼 클래식 향수 & 디퓨저 6종 ,243,"19,500원",굿즈,블뤼떼 BLUTE
828,공예・주노준호,"방 안의 작은 세상, 내 손으로 만드는 비바리움",241,"월 108,076원",공예,주노준호
829,공예・시은맘,[꿀조합 할인🍯] 꼼지락 작업실에서 코바늘 인형에 푹 빠져봐요. 입문~중급 코스,242,"월 49,916원",공예,시은맘
830,디지털 드로잉・Woody,선으로 모든 것을! 디지털 빈티지 라인 드로잉 (feat. iPad),241,"월 37,900원",디지털 드로잉,Woody
831,EASY DIY・클래스101,DIY 딥펜 캘리그라피 깃털펜 깃털만년필 실링왁스 풀세트,239,"32,400원",EASY DIY,클래스101
832,사진/영상・서향록,"뮤직비디오 감독이 알려주는, 영화의 한 장면처럼 일상을 기록하는 영상에세이 클래스",243,"월 33,900원",사진/영상,서향록
833,EASY DIY・조은나무,DIY 수채화 투명캘리엽서 만들기 키트 (캘리그라피 기초교재+설명영상),226,"24,000원",EASY DIY,조은나무
834,EASY DIY・아트온,DIY 나이트뷰 스크래치 아트 키트(6종),231,"13,750원",EASY DIY,아트온
835,요리/음료・Leon's Flower,"꽃을 피워내는 힐링시간, 앙금플라워떡케이크 시작하기!",230,"월 43,900원",요리/음료,Leon's Flower
836,디지털기기/ACC・클래스101,완벽한 홈 레코딩을 위한 장비 모음,231,"34,500원",디지털기기/ACC,클래스101
837,굿즈・클래스101,"약국의 센티멘탈 감성이 짙게 묻은 굿즈, 최대 40% 할인!",228,"10,450원",굿즈,클래스101
838,미술재료・클래스101,파버카스텔 수채 색연필 세트 22% + 꿀조합 클래스 ~24% 할인,220,"월 27,800원",미술재료,클래스101
839,미술・마음의 정원,"수묵 담채화와 캘리그라피의 아름다운 조화, 운치있게 운필있게!",220,"월 55,531원",미술,마음의 정원
840,공예・멘티자수,101원에 배워요! 여름밤 굿나잇을 수놓는 멘티의 프랑스 자수,219,101원,공예,멘티자수
841,공예・체리크라프트,"홀로그램처럼 일상을 반짝일 PVC 소품, 내 손으로 만들기",223,"월 46,900원",공예,체리크라프트
842,커리어・진용진,구독자 175만 진용진이 알려드립니다. 진짜 현실적으로 유튜브 수익창출하는 법!,218,"월 25,740원",커리어,진용진
843,사진/영상・김수민필름,셀프 육아 영상 만들기! 휴대폰으로 만드는 영화 같은 육아 영상,213,"월 43,200원",사진/영상,김수민필름
844,라이프 스타일・유유밀란,"새로운 춤의 장르, 유유밀란과 함께 '보깅댄스' 배우기",216,"월 30,388원",라이프 스타일,유유밀란
845,EASY DIY・셀레네,"DIY 프리저브드, 드라이 플라워 가랜드 키트",205,"32,000원",EASY DIY,셀레네
846,공예・클래스101,[꿀조합 할인🍯] 멘티자수와 함께하는 프랑스 자수의 모든 것,209,"월 42,583원",공예,클래스101
847,EASY DIY・이본느모건 ,DIY 프랑스자수 투명자수액자 키트 - 은엽 아카시아 Mimosa,203,"22,500원",EASY DIY,이본느모건 
848,미술・조각가 깨봉,"손 끝으로 완성하는 예술, 조각가 깨봉과 함께 하는 조소 입문",201,"월 61,180원",미술,조각가 깨봉
849,굿즈・클래스101,우븐온룸스 리틀위버 핸드위빙 DIY KIT,209,"57,000원",굿즈,클래스101
850,문구/도서・오키프,책 <오키프의 천연 수제 비누> + 수제 비누 추천,203,"14,400원",문구/도서,오키프
851,굿즈・클래스101,시은맘 4번째 DIY 키트! 동물친구들 미니 헌팅트로피,206,"43,000원",굿즈,클래스101
852,미술・르쏭드쇼아 최유나,"지친 나를 위해, 프랑스 미술 교육의 기초로 나만의 가치를 찾다",193,"월 43,600원",미술,르쏭드쇼아 최유나
853,EASY DIY・쪼만한마을,DIY 레진아트 키링/거치대 만들기 키트,200,"28,900원",EASY DIY,쪼만한마을
854,EASY DIY・클래스101,DIY 실링왁스 캘리그라피 입문 메세지 인장 세트,199,"15,500원",EASY DIY,클래스101
855,굿즈・쌀이공방,반려견 / 반려묘 액자 ,195,"49,000원",굿즈,쌀이공방
856,디지털기기/ACC・클래스101,"애플워치 4 GPS+Celluar 44mm, 20%할인",196,"월 105,440원",디지털기기/ACC,클래스101
857,직무・인싸담당자 Jacob,"자소서부터 면접까지, 인싸담당자가 알려주는 취업의 모든 것!",198,"월 49,640원",직무,인싸담당자 Jacob
858,직무・노가다헌터,엑셀에 날개를 달다,190,"월 47,520원",직무,노가다헌터
859,EASY DIY・허바솝,DIY 카렌듈라 비누 4개 만들기 키트,198,"19,000원",EASY DIY,허바솝
860,공예・클래스101,"[꿀조합 할인🍯] 세상의 모든 귀여움, 다양한 스타일로 코바늘 인형 만들기",198,"월 44,176원",공예,클래스101
861,굿즈・오키프,영롱한 탄생석 & 초콜릿 비누 3종 ,192,"17,000원",굿즈,오키프
862,자기계발・김봉준,"연봉을 2배로 올리는 방법, '강점'으로 설계하는 일잘러 커리어",185,"월 50,520원",자기계발,김봉준
863,미술재료・클래스101,파버카스텔 만년필 + 캘리그라피 클래스 꿀조합 -32%,185,"7,000원",미술재료,클래스101
864,디자인/개발・모아컴퍼니,나만의 브랜드 제품으로 먹고 살기 - 제품 생산부터 유통까지 A to Z,179,"월 43,320원",디자인/개발,모아컴퍼니
865,EASY DIY・메리데이,DIY 화이트 원형 자개모빌 키트,182,"18,900원",EASY DIY,메리데이
866,공예・Rose,Paris의 플로리스트와 함께 감각적인 홈 플라워 스타일링 시작하기,188,"월 48,900원",공예,Rose
867,EASY DIY・블리소이,DIY 앙리마티스 베이직 7oz 소이캔들 키트(2개 완성),186,"24,900원",EASY DIY,블리소이
868,EASY DIY・소크아트,DIY 복숭아 케이크 버블바 배쓰밤 입욕제 만들기 키트,183,"55,000원",EASY DIY,소크아트
869,EASY DIY・해피해피츄,DIY 휴대용 손소독제 만들기 키트,174,"25,900원",EASY DIY,해피해피츄
870,미술재료・클래스101,최대 38%할인! 만년필만 써보셨어요? 다양한 재료로 시작하는 캘리그래피 키트 4종,175,"35,900원",미술재료,클래스101
871,미술재료・클래스101,최대 20%할인! 망쳐도 수정이 가능하다고?! 과슈 키트 3종,174,"44,000원",미술재료,클래스101
872,굿즈・아포코팡파레,매쉬 백 2종 ,172,"21,000원",굿즈,아포코팡파레
873,EASY DIY・해피해피츄,DIY 머랭쿠키 디저트 비누 만들기 키트,181,"37,900원",EASY DIY,해피해피츄
874,미술・클래스101,"[꿀조합 할인🍯] 펜크래프트 X 핀든아트, 그림과 글씨, 둘 다 차근히 배워보고 싶을 때",176,"월 48,499원",미술,클래스101
875,굿즈・올라라탄,우드 트레이,174,"44,900원",굿즈,올라라탄
876,EASY DIY・클래스101,DIY 딥펜 캘리그라피 스타터 키트 세트,175,"41,400원",EASY DIY,클래스101
877,악기/음악・클래스101,"귀엽고 신기한 악기 오타마톤 18종, 단독 최대 14%할인",171,"33,900원",악기/음악,클래스101
878,굿즈・클래스101,인기 크리에이터 시은맘 땅콩 브로치 DIY키트 (50개 분량),168,"18,900원",굿즈,클래스101
879,요리/음료・송이버섯,"죄책감 없는 달콤한 한입, 글루텐프리 비건 홈 베이킹",175,"월 50,900원",요리/음료,송이버섯
880,EASY DIY・클래스101,DIY 실링왁스 캘리그라피 마카롱 고양이 인장 세트,174,"18,400원",EASY DIY,클래스101
881,헬스/뷰티/ACC・별쌤&솔쌤,"솔쌤 별쌤의 체형교정 홈 필라테스 도구 ""뷰릿 벨트""",164,"72,000원",헬스/뷰티/ACC,별쌤&솔쌤
882,디지털기기/ACC・클래스101,가장 가벼운 노트북 - LG 그램 24% 할인,159,"월 358,000원",디지털기기/ACC,클래스101
883,라이프 스타일・백설기,"새롭게 변신해볼까? 나에게 어울리는 옷 찾고, 센스있게 옷 잘입는 법 배우기",159,"월 41,300원",라이프 스타일,백설기
884,부업/창업/재테크・현민쌤,현민쌤의 부동산 경매! 알고 투자할 것인가? 모르고 투자할 것인가?,159,"월 47,780원",부업/창업/재테크,현민쌤
885,악기/음악・클래스101,"입문자를 위한 네코즈 칼림바+하드케이스, 최대 22%할인",162,"35,000원",악기/음악,클래스101
886,공예・클래스101,[꿀조합 할인🍯] 실로 뜰 수 있는 모든 것! 대바늘과 코바늘 입문하기,164,"월 42,500원",공예,클래스101
887,EASY DIY・셀레네,DIY 금전운을 부르는 골든볼 포인트 프리저브드 가랜드 키트,160,"25,500원",EASY DIY,셀레네
888,공예・홀쥬 ,[MINI] 온국민 필수클래스 손소독제와 비누만들기,156,"월 20,000원",공예,홀쥬 
889,미술・Gunner,유화의 기초부터 차근차근 배워서 화가로 데뷔하자!,158,"월 52,714원",미술,Gunner
890,라이프 스타일・핑크모모,"달콤한 상상을 담아, 귀여운 나만의 3D네일아트! ",159,"월 60,900원",라이프 스타일,핑크모모
891,부업/창업/재테크・벤처캐피탈리스트 제이,"소프트뱅크벤처스 심사역에게 듣는다, 벤처캐피탈101!",154,"월 65,524원",부업/창업/재테크,벤처캐피탈리스트 제이
892,공예재료・클래스101,책 <마크라메 북클래스> + 마크라메 DIY 2종 추천,157,"12,600원",공예재료,클래스101
893,EASY DIY・하루취미,DIY 호두나무 우드카빙 버터나이프 키트,150,"20,100원",EASY DIY,하루취미
894,푸드/키친・클래스101,내추럴한 멋이 있는 라탄 컵홀더,155,"8,100원",푸드/키친,클래스101
895,EASY DIY・크리에이터스 랩,DIY 휴대용 티트리 손소독제 만들기 키트,146,"23,000원",EASY DIY,크리에이터스 랩
896,EASY DIY・셀레네,"DIY 좋은 꿈 꾸세요, 프리저브드 플라워 행잉 모빌 키트",144,"17,500원",EASY DIY,셀레네
897,EASY DIY・슬로우모먼츠,DIY 마블 스톤 블랭킷 코바늘 키트 (동영상 포함),140,"40,584원",EASY DIY,슬로우모먼츠
898,EASY DIY・리얼브릭,DIY 오리지널 미니어처 미니벽돌 벽난로&보관함 풀세트 만들기 키트,145,"32,900원",EASY DIY,리얼브릭
899,공예재료・클래스101,장시간 뜨개질도 OK! 그립감 좋은 코바늘 세트 2종,136,"24,300원",공예재료,클래스101
900,공예・재영이네,"미니어처 소품, 만드는 즐거움에 귀여움은 보너스!",138,"월 52,500원",공예,재영이네
901,EASY DIY・하하포포네숲,DIY 프리저브드플라워 수틀액자 유채꽃밭 만들기 키트,139,"22,800원",EASY DIY,하하포포네숲
902,미술재료・클래스101,30%할인! 까렌다쉬 최고급 네오 오일 파스텔 48색 ,142,"월 22,900원",미술재료,클래스101
